year,region,area,age_group,sex,value,unit,source
2545,ทั่วประเทศ,รวม,60-64 ปี,รวม,2073244,คน,สำนักงานสถิติแห่งชาติ
2545,ทั่วประเทศ,ในเขตเทศบาล,60-64 ปี,รวม,651363,คน,สำนักงานสถิติแห่งชาติ
2545,ทั่วประเทศ,นอกเขตเทศบาล,60-64 ปี,รวม,1421881,คน,สำนักงานสถิติแห่งชาติ
2545,กรุงเทพมหานคร,ในเขตเทศบาล,60-64 ปี,รวม,226665,คน,สำนักงานสถิติแห่งชาติ
2545,ภาคกลาง(ไม่รวมกรุงเทพมหานคร),รวม,60-64 ปี,รวม,510948,คน,สำนักงานสถิติแห่งชาติ
2545,ภาคเหนือ,รวม,60-64 ปี,รวม,413014,คน,สำนักงานสถิติแห่งชาติ
2545,ภาคตะวันออกเฉียงเหนือ,รวม,60-64 ปี,รวม,664265,คน,สำนักงานสถิติแห่งชาติ
2545,ภาคใต้,รวม,60-64 ปี,รวม,258352,คน,สำนักงานสถิติแห่งชาติ
2545,ทั่วประเทศ,รวม,65-69 ปี,รวม,1668666,คน,สำนักงานสถิติแห่งชาติ
2545,ทั่วประเทศ,ในเขตเทศบาล,65-69 ปี,รวม,516741,คน,สำนักงานสถิติแห่งชาติ
2545,ทั่วประเทศ,นอกเขตเทศบาล,65-69 ปี,รวม,1151925,คน,สำนักงานสถิติแห่งชาติ
2545,กรุงเทพมหานคร,ในเขตเทศบาล,65-69 ปี,รวม,173941,คน,สำนักงานสถิติแห่งชาติ
2545,ภาคกลาง(ไม่รวมกรุงเทพมหานคร),รวม,65-69 ปี,รวม,423653,คน,สำนักงานสถิติแห่งชาติ
2545,ภาคเหนือ,รวม,65-69 ปี,รวม,359204,คน,สำนักงานสถิติแห่งชาติ
2545,ภาคตะวันออกเฉียงเหนือ,รวม,65-69 ปี,รวม,505767,คน,สำนักงานสถิติแห่งชาติ
2545,ภาคใต้,รวม,65-69 ปี,รวม,206101,คน,สำนักงานสถิติแห่งชาติ
2545,ทั่วประเทศ,รวม,70-74 ปี,รวม,1101189,คน,สำนักงานสถิติแห่งชาติ
2545,ทั่วประเทศ,ในเขตเทศบาล,70-74 ปี,รวม,327015,คน,สำนักงานสถิติแห่งชาติ
2545,ทั่วประเทศ,นอกเขตเทศบาล,70-74 ปี,รวม,774174,คน,สำนักงานสถิติแห่งชาติ
2545,กรุงเทพมหานคร,ในเขตเทศบาล,70-74 ปี,รวม,98832,คน,สำนักงานสถิติแห่งชาติ
2545,ภาคกลาง(ไม่รวมกรุงเทพมหานคร),รวม,70-74 ปี,รวม,277373,คน,สำนักงานสถิติแห่งชาติ
2545,ภาคเหนือ,รวม,70-74 ปี,รวม,248114,คน,สำนักงานสถิติแห่งชาติ
2545,ภาคตะวันออกเฉียงเหนือ,รวม,70-74 ปี,รวม,345440,คน,สำนักงานสถิติแห่งชาติ
2545,ภาคใต้,รวม,70-74 ปี,รวม,131431,คน,สำนักงานสถิติแห่งชาติ
2545,ทั่วประเทศ,รวม,75 ปีขึ้นไป,รวม,1125932,คน,สำนักงานสถิติแห่งชาติ
2545,ทั่วประเทศ,ในเขตเทศบาล,75 ปีขึ้นไป,รวม,356762,คน,สำนักงานสถิติแห่งชาติ
2545,ทั่วประเทศ,นอกเขตเทศบาล,75 ปีขึ้นไป,รวม,769170,คน,สำนักงานสถิติแห่งชาติ
2545,กรุงเทพมหานคร,ในเขตเทศบาล,75 ปีขึ้นไป,รวม,119979,คน,สำนักงานสถิติแห่งชาติ
2545,ภาคกลาง(ไม่รวมกรุงเทพมหานคร),รวม,75 ปีขึ้นไป,รวม,319745,คน,สำนักงานสถิติแห่งชาติ
2545,ภาคเหนือ,รวม,75 ปีขึ้นไป,รวม,236687,คน,สำนักงานสถิติแห่งชาติ
2545,ภาคตะวันออกเฉียงเหนือ,รวม,75 ปีขึ้นไป,รวม,309093,คน,สำนักงานสถิติแห่งชาติ
2545,ภาคใต้,รวม,75 ปีขึ้นไป,รวม,140428,คน,สำนักงานสถิติแห่งชาติ
2545,ทั่วประเทศ,รวม,60-64 ปี,ชาย,975344,คน,สำนักงานสถิติแห่งชาติ
2545,ทั่วประเทศ,ในเขตเทศบาล,60-64 ปี,ชาย,302288,คน,สำนักงานสถิติแห่งชาติ
2545,ทั่วประเทศ,นอกเขตเทศบาล,60-64 ปี,ชาย,673056,คน,สำนักงานสถิติแห่งชาติ
2545,กรุงเทพมหานคร,ในเขตเทศบาล,60-64 ปี,ชาย,104833,คน,สำนักงานสถิติแห่งชาติ
2545,ภาคกลาง(ไม่รวมกรุงเทพมหานคร),รวม,60-64 ปี,ชาย,238304,คน,สำนักงานสถิติแห่งชาติ
2545,ภาคเหนือ,รวม,60-64 ปี,ชาย,197629,คน,สำนักงานสถิติแห่งชาติ
2545,ภาคตะวันออกเฉียงเหนือ,รวม,60-64 ปี,ชาย,310833,คน,สำนักงานสถิติแห่งชาติ
2545,ภาคใต้,รวม,60-64 ปี,ชาย,123746,คน,สำนักงานสถิติแห่งชาติ
2545,ทั่วประเทศ,รวม,65-69 ปี,ชาย,773955,คน,สำนักงานสถิติแห่งชาติ
2545,ทั่วประเทศ,ในเขตเทศบาล,65-69 ปี,ชาย,236151,คน,สำนักงานสถิติแห่งชาติ
2545,ทั่วประเทศ,นอกเขตเทศบาล,65-69 ปี,ชาย,537804,คน,สำนักงานสถิติแห่งชาติ
2545,กรุงเทพมหานคร,ในเขตเทศบาล,65-69 ปี,ชาย,79145,คน,สำนักงานสถิติแห่งชาติ
2545,ภาคกลาง(ไม่รวมกรุงเทพมหานคร),รวม,65-69 ปี,ชาย,195358,คน,สำนักงานสถิติแห่งชาติ
2545,ภาคเหนือ,รวม,65-69 ปี,ชาย,170389,คน,สำนักงานสถิติแห่งชาติ
2545,ภาคตะวันออกเฉียงเหนือ,รวม,65-69 ปี,ชาย,231728,คน,สำนักงานสถิติแห่งชาติ
2545,ภาคใต้,รวม,65-69 ปี,ชาย,97336,คน,สำนักงานสถิติแห่งชาติ
2545,ทั่วประเทศ,รวม,70-74 ปี,ชาย,500762,คน,สำนักงานสถิติแห่งชาติ
2545,ทั่วประเทศ,ในเขตเทศบาล,70-74 ปี,ชาย,144363,คน,สำนักงานสถิติแห่งชาติ
2545,ทั่วประเทศ,นอกเขตเทศบาล,70-74 ปี,ชาย,356400,คน,สำนักงานสถิติแห่งชาติ
2545,กรุงเทพมหานคร,ในเขตเทศบาล,70-74 ปี,ชาย,42000,คน,สำนักงานสถิติแห่งชาติ
2545,ภาคกลาง(ไม่รวมกรุงเทพมหานคร),รวม,70-74 ปี,ชาย,123426,คน,สำนักงานสถิติแห่งชาติ
2545,ภาคเหนือ,รวม,70-74 ปี,ชาย,115367,คน,สำนักงานสถิติแห่งชาติ
2545,ภาคตะวันออกเฉียงเหนือ,รวม,70-74 ปี,ชาย,157941,คน,สำนักงานสถิติแห่งชาติ
2545,ภาคใต้,รวม,70-74 ปี,ชาย,62029,คน,สำนักงานสถิติแห่งชาติ
2545,ทั่วประเทศ,รวม,75 ปีขึ้นไป,ชาย,479034,คน,สำนักงานสถิติแห่งชาติ
2545,ทั่วประเทศ,ในเขตเทศบาล,75 ปีขึ้นไป,ชาย,145897,คน,สำนักงานสถิติแห่งชาติ
2545,ทั่วประเทศ,นอกเขตเทศบาล,75 ปีขึ้นไป,ชาย,333138,คน,สำนักงานสถิติแห่งชาติ
2545,กรุงเทพมหานคร,ในเขตเทศบาล,75 ปีขึ้นไป,ชาย,46661,คน,สำนักงานสถิติแห่งชาติ
2545,ภาคกลาง(ไม่รวมกรุงเทพมหานคร),รวม,75 ปีขึ้นไป,ชาย,131321,คน,สำนักงานสถิติแห่งชาติ
2545,ภาคเหนือ,รวม,75 ปีขึ้นไป,ชาย,104473,คน,สำนักงานสถิติแห่งชาติ
2545,ภาคตะวันออกเฉียงเหนือ,รวม,75 ปีขึ้นไป,ชาย,133676,คน,สำนักงานสถิติแห่งชาติ
2545,ภาคใต้,รวม,75 ปีขึ้นไป,ชาย,62904,คน,สำนักงานสถิติแห่งชาติ
2545,ทั่วประเทศ,รวม,60-64 ปี,หญิง,1097900,คน,สำนักงานสถิติแห่งชาติ
2545,ทั่วประเทศ,ในเขตเทศบาล,60-64 ปี,หญิง,349075,คน,สำนักงานสถิติแห่งชาติ
2545,ทั่วประเทศ,นอกเขตเทศบาล,60-64 ปี,หญิง,748825,คน,สำนักงานสถิติแห่งชาติ
2545,กรุงเทพมหานคร,ในเขตเทศบาล,60-64 ปี,หญิง,121832,คน,สำนักงานสถิติแห่งชาติ
2545,ภาคกลาง(ไม่รวมกรุงเทพมหานคร),รวม,60-64 ปี,หญิง,272645,คน,สำนักงานสถิติแห่งชาติ
2545,ภาคเหนือ,รวม,60-64 ปี,หญิง,215386,คน,สำนักงานสถิติแห่งชาติ
2545,ภาคตะวันออกเฉียงเหนือ,รวม,60-64 ปี,หญิง,353433,คน,สำนักงานสถิติแห่งชาติ
2545,ภาคใต้,รวม,60-64 ปี,หญิง,134606,คน,สำนักงานสถิติแห่งชาติ
2545,ทั่วประเทศ,รวม,65-69 ปี,หญิง,894711,คน,สำนักงานสถิติแห่งชาติ
2545,ทั่วประเทศ,ในเขตเทศบาล,65-69 ปี,หญิง,280590,คน,สำนักงานสถิติแห่งชาติ
2545,ทั่วประเทศ,นอกเขตเทศบาล,65-69 ปี,หญิง,614120,คน,สำนักงานสถิติแห่งชาติ
2545,กรุงเทพมหานคร,ในเขตเทศบาล,65-69 ปี,หญิง,94796,คน,สำนักงานสถิติแห่งชาติ
2545,ภาคกลาง(ไม่รวมกรุงเทพมหานคร),รวม,65-69 ปี,หญิง,228296,คน,สำนักงานสถิติแห่งชาติ
2545,ภาคเหนือ,รวม,65-69 ปี,หญิง,188815,คน,สำนักงานสถิติแห่งชาติ
2545,ภาคตะวันออกเฉียงเหนือ,รวม,65-69 ปี,หญิง,274040,คน,สำนักงานสถิติแห่งชาติ
2545,ภาคใต้,รวม,65-69 ปี,หญิง,108765,คน,สำนักงานสถิติแห่งชาติ
2545,ทั่วประเทศ,รวม,70-74 ปี,หญิง,600426,คน,สำนักงานสถิติแห่งชาติ
2545,ทั่วประเทศ,ในเขตเทศบาล,70-74 ปี,หญิง,182652,คน,สำนักงานสถิติแห่งชาติ
2545,ทั่วประเทศ,นอกเขตเทศบาล,70-74 ปี,หญิง,417774,คน,สำนักงานสถิติแห่งชาติ
2545,กรุงเทพมหานคร,ในเขตเทศบาล,70-74 ปี,หญิง,56832,คน,สำนักงานสถิติแห่งชาติ
2545,ภาคกลาง(ไม่รวมกรุงเทพมหานคร),รวม,70-74 ปี,หญิง,153947,คน,สำนักงานสถิติแห่งชาติ
2545,ภาคเหนือ,รวม,70-74 ปี,หญิง,132747,คน,สำนักงานสถิติแห่งชาติ
2545,ภาคตะวันออกเฉียงเหนือ,รวม,70-74 ปี,หญิง,187499,คน,สำนักงานสถิติแห่งชาติ
2545,ภาคใต้,รวม,70-74 ปี,หญิง,69402,คน,สำนักงานสถิติแห่งชาติ
2545,ทั่วประเทศ,รวม,75 ปีขึ้นไป,หญิง,646898,คน,สำนักงานสถิติแห่งชาติ
2545,ทั่วประเทศ,ในเขตเทศบาล,75 ปีขึ้นไป,หญิง,210865,คน,สำนักงานสถิติแห่งชาติ
2545,ทั่วประเทศ,นอกเขตเทศบาล,75 ปีขึ้นไป,หญิง,436032,คน,สำนักงานสถิติแห่งชาติ
2545,กรุงเทพมหานคร,ในเขตเทศบาล,75 ปีขึ้นไป,หญิง,73318,คน,สำนักงานสถิติแห่งชาติ
2545,ภาคกลาง(ไม่รวมกรุงเทพมหานคร),รวม,75 ปีขึ้นไป,หญิง,188424,คน,สำนักงานสถิติแห่งชาติ
2545,ภาคเหนือ,รวม,75 ปีขึ้นไป,หญิง,132214,คน,สำนักงานสถิติแห่งชาติ
2545,ภาคตะวันออกเฉียงเหนือ,รวม,75 ปีขึ้นไป,หญิง,175418,คน,สำนักงานสถิติแห่งชาติ
2545,ภาคใต้,รวม,75 ปีขึ้นไป,หญิง,77524,คน,สำนักงานสถิติแห่งชาติ
2550,ทั่วประเทศ,รวม,60-69 ปี,รวม,4125253,คน,สำนักงานสถิติแห่งชาติ
2550,ทั่วประเทศ,ในเขตเทศบาล,60-69 ปี,รวม,1182898,คน,สำนักงานสถิติแห่งชาติ
2550,ทั่วประเทศ,นอกเขตเทศบาล,60-69 ปี,รวม,2942355,คน,สำนักงานสถิติแห่งชาติ
2550,กรุงเทพมหานคร,ในเขตเทศบาล,60-69 ปี,รวม,390435,คน,สำนักงานสถิติแห่งชาติ
2550,ภาคกลาง(ไม่รวมกรุงเทพมหานคร),รวม,60-69 ปี,รวม,951059,คน,สำนักงานสถิติแห่งชาติ
2550,ภาคเหนือ,รวม,60-69 ปี,รวม,829705,คน,สำนักงานสถิติแห่งชาติ
2550,ภาคตะวันออกเฉียงเหนือ,รวม,60-69 ปี,รวม,1448595,คน,สำนักงานสถิติแห่งชาติ
2550,ภาคใต้,รวม,60-69 ปี,รวม,505460,คน,สำนักงานสถิติแห่งชาติ
2550,ทั่วประเทศ,รวม,70-79 ปี,รวม,2226712,คน,สำนักงานสถิติแห่งชาติ
2550,ทั่วประเทศ,ในเขตเทศบาล,70-79 ปี,รวม,626687,คน,สำนักงานสถิติแห่งชาติ
2550,ทั่วประเทศ,นอกเขตเทศบาล,70-79 ปี,รวม,1600026,คน,สำนักงานสถิติแห่งชาติ
2550,กรุงเทพมหานคร,ในเขตเทศบาล,70-79 ปี,รวม,192617,คน,สำนักงานสถิติแห่งชาติ
2550,ภาคกลาง(ไม่รวมกรุงเทพมหานคร),รวม,70-79 ปี,รวม,533137,คน,สำนักงานสถิติแห่งชาติ
2550,ภาคเหนือ,รวม,70-79 ปี,รวม,497492,คน,สำนักงานสถิติแห่งชาติ
2550,ภาคตะวันออกเฉียงเหนือ,รวม,70-79 ปี,รวม,712363,คน,สำนักงานสถิติแห่งชาติ
2550,ภาคใต้,รวม,70-79 ปี,รวม,291104,คน,สำนักงานสถิติแห่งชาติ
2550,ทั่วประเทศ,รวม,80 ปีขึ้นไป,รวม,668994,คน,สำนักงานสถิติแห่งชาติ
2550,ทั่วประเทศ,ในเขตเทศบาล,80 ปีขึ้นไป,รวม,195633,คน,สำนักงานสถิติแห่งชาติ
2550,ทั่วประเทศ,นอกเขตเทศบาล,80 ปีขึ้นไป,รวม,473361,คน,สำนักงานสถิติแห่งชาติ
2550,กรุงเทพมหานคร,ในเขตเทศบาล,80 ปีขึ้นไป,รวม,64314,คน,สำนักงานสถิติแห่งชาติ
2550,ภาคกลาง(ไม่รวมกรุงเทพมหานคร),รวม,80 ปีขึ้นไป,รวม,169275,คน,สำนักงานสถิติแห่งชาติ
2550,ภาคเหนือ,รวม,80 ปีขึ้นไป,รวม,140403,คน,สำนักงานสถิติแห่งชาติ
2550,ภาคตะวันออกเฉียงเหนือ,รวม,80 ปีขึ้นไป,รวม,198146,คน,สำนักงานสถิติแห่งชาติ
2550,ภาคใต้,รวม,80 ปีขึ้นไป,รวม,96856,คน,สำนักงานสถิติแห่งชาติ
2550,ทั่วประเทศ,รวม,60-69 ปี,ชาย,1910507,คน,สำนักงานสถิติแห่งชาติ
2550,ทั่วประเทศ,ในเขตเทศบาล,60-69 ปี,ชาย,535264,คน,สำนักงานสถิติแห่งชาติ
2550,ทั่วประเทศ,นอกเขตเทศบาล,60-69 ปี,ชาย,1375243,คน,สำนักงานสถิติแห่งชาติ
2550,กรุงเทพมหานคร,ในเขตเทศบาล,60-69 ปี,ชาย,173799,คน,สำนักงานสถิติแห่งชาติ
2550,ภาคกลาง(ไม่รวมกรุงเทพมหานคร),รวม,60-69 ปี,ชาย,434636,คน,สำนักงานสถิติแห่งชาติ
2550,ภาคเหนือ,รวม,60-69 ปี,ชาย,394125,คน,สำนักงานสถิติแห่งชาติ
2550,ภาคตะวันออกเฉียงเหนือ,รวม,60-69 ปี,ชาย,670612,คน,สำนักงานสถิติแห่งชาติ
2550,ภาคใต้,รวม,60-69 ปี,ชาย,237335,คน,สำนักงานสถิติแห่งชาติ
2550,ทั่วประเทศ,รวม,70-79 ปี,ชาย,962209,คน,สำนักงานสถิติแห่งชาติ
2550,ทั่วประเทศ,ในเขตเทศบาล,70-79 ปี,ชาย,261287,คน,สำนักงานสถิติแห่งชาติ
2550,ทั่วประเทศ,นอกเขตเทศบาล,70-79 ปี,ชาย,700922,คน,สำนักงานสถิติแห่งชาติ
2550,กรุงเทพมหานคร,ในเขตเทศบาล,70-79 ปี,ชาย,76475,คน,สำนักงานสถิติแห่งชาติ
2550,ภาคกลาง(ไม่รวมกรุงเทพมหานคร),รวม,70-79 ปี,ชาย,226373,คน,สำนักงานสถิติแห่งชาติ
2550,ภาคเหนือ,รวม,70-79 ปี,ชาย,227452,คน,สำนักงานสถิติแห่งชาติ
2550,ภาคตะวันออกเฉียงเหนือ,รวม,70-79 ปี,ชาย,304694,คน,สำนักงานสถิติแห่งชาติ
2550,ภาคใต้,รวม,70-79 ปี,ชาย,127215,คน,สำนักงานสถิติแห่งชาติ
2550,ทั่วประเทศ,รวม,80 ปีขึ้นไป,ชาย,258021,คน,สำนักงานสถิติแห่งชาติ
2550,ทั่วประเทศ,ในเขตเทศบาล,80 ปีขึ้นไป,ชาย,72238,คน,สำนักงานสถิติแห่งชาติ
2550,ทั่วประเทศ,นอกเขตเทศบาล,80 ปีขึ้นไป,ชาย,185783,คน,สำนักงานสถิติแห่งชาติ
2550,กรุงเทพมหานคร,ในเขตเทศบาล,80 ปีขึ้นไป,ชาย,22829,คน,สำนักงานสถิติแห่งชาติ
2550,ภาคกลาง(ไม่รวมกรุงเทพมหานคร),รวม,80 ปีขึ้นไป,ชาย,61768,คน,สำนักงานสถิติแห่งชาติ
2550,ภาคเหนือ,รวม,80 ปีขึ้นไป,ชาย,59834,คน,สำนักงานสถิติแห่งชาติ
2550,ภาคตะวันออกเฉียงเหนือ,รวม,80 ปีขึ้นไป,ชาย,76861,คน,สำนักงานสถิติแห่งชาติ
2550,ภาคใต้,รวม,80 ปีขึ้นไป,ชาย,36729,คน,สำนักงานสถิติแห่งชาติ
2550,ทั่วประเทศ,รวม,60-69 ปี,หญิง,2214746,คน,สำนักงานสถิติแห่งชาติ
2550,ทั่วประเทศ,ในเขตเทศบาล,60-69 ปี,หญิง,647635,คน,สำนักงานสถิติแห่งชาติ
2550,ทั่วประเทศ,นอกเขตเทศบาล,60-69 ปี,หญิง,1567112,คน,สำนักงานสถิติแห่งชาติ
2550,กรุงเทพมหานคร,ในเขตเทศบาล,60-69 ปี,หญิง,216636,คน,สำนักงานสถิติแห่งชาติ
2550,ภาคกลาง(ไม่รวมกรุงเทพมหานคร),รวม,60-69 ปี,หญิง,516423,คน,สำนักงานสถิติแห่งชาติ
2550,ภาคเหนือ,รวม,60-69 ปี,หญิง,435580,คน,สำนักงานสถิติแห่งชาติ
2550,ภาคตะวันออกเฉียงเหนือ,รวม,60-69 ปี,หญิง,777983,คน,สำนักงานสถิติแห่งชาติ
2550,ภาคใต้,รวม,60-69 ปี,หญิง,268125,คน,สำนักงานสถิติแห่งชาติ
2550,ทั่วประเทศ,รวม,70-79 ปี,หญิง,1264504,คน,สำนักงานสถิติแห่งชาติ
2550,ทั่วประเทศ,ในเขตเทศบาล,70-79 ปี,หญิง,365400,คน,สำนักงานสถิติแห่งชาติ
2550,ทั่วประเทศ,นอกเขตเทศบาล,70-79 ปี,หญิง,899104,คน,สำนักงานสถิติแห่งชาติ
2550,กรุงเทพมหานคร,ในเขตเทศบาล,70-79 ปี,หญิง,116142,คน,สำนักงานสถิติแห่งชาติ
2550,ภาคกลาง(ไม่รวมกรุงเทพมหานคร),รวม,70-79 ปี,หญิง,306764,คน,สำนักงานสถิติแห่งชาติ
2550,ภาคเหนือ,รวม,70-79 ปี,หญิง,270040,คน,สำนักงานสถิติแห่งชาติ
2550,ภาคตะวันออกเฉียงเหนือ,รวม,70-79 ปี,หญิง,407669,คน,สำนักงานสถิติแห่งชาติ
2550,ภาคใต้,รวม,70-79 ปี,หญิง,163889,คน,สำนักงานสถิติแห่งชาติ
2550,ทั่วประเทศ,รวม,80 ปีขึ้นไป,หญิง,410973,คน,สำนักงานสถิติแห่งชาติ
2550,ทั่วประเทศ,ในเขตเทศบาล,80 ปีขึ้นไป,หญิง,123395,คน,สำนักงานสถิติแห่งชาติ
2550,ทั่วประเทศ,นอกเขตเทศบาล,80 ปีขึ้นไป,หญิง,287578,คน,สำนักงานสถิติแห่งชาติ
2550,กรุงเทพมหานคร,ในเขตเทศบาล,80 ปีขึ้นไป,หญิง,41485,คน,สำนักงานสถิติแห่งชาติ
2550,ภาคกลาง(ไม่รวมกรุงเทพมหานคร),รวม,80 ปีขึ้นไป,หญิง,107507,คน,สำนักงานสถิติแห่งชาติ
2550,ภาคเหนือ,รวม,80 ปีขึ้นไป,หญิง,80569,คน,สำนักงานสถิติแห่งชาติ
2550,ภาคตะวันออกเฉียงเหนือ,รวม,80 ปีขึ้นไป,หญิง,121285,คน,สำนักงานสถิติแห่งชาติ
2550,ภาคใต้,รวม,80 ปีขึ้นไป,หญิง,60127,คน,สำนักงานสถิติแห่งชาติ
2554,ทั่วประเทศ,รวม,60-69 ปี,รวม,4780195,คน,สำนักงานสถิติแห่งชาติ
2554,ทั่วประเทศ,ในเขตเทศบาล,60-69 ปี,รวม,1608823,คน,สำนักงานสถิติแห่งชาติ
2554,ทั่วประเทศ,นอกเขตเทศบาล,60-69 ปี,รวม,3171372,คน,สำนักงานสถิติแห่งชาติ
2554,กรุงเทพมหานคร,ในเขตเทศบาล,60-69 ปี,รวม,486603,คน,สำนักงานสถิติแห่งชาติ
2554,ภาคกลาง(ไม่รวมกรุงเทพมหานคร),รวม,60-69 ปี,รวม,1082657,คน,สำนักงานสถิติแห่งชาติ
2554,ภาคเหนือ,รวม,60-69 ปี,รวม,941187,คน,สำนักงานสถิติแห่งชาติ
2554,ภาคตะวันออกเฉียงเหนือ,รวม,60-69 ปี,รวม,1702834,คน,สำนักงานสถิติแห่งชาติ
2554,ภาคใต้,รวม,60-69 ปี,รวม,566914,คน,สำนักงานสถิติแห่งชาติ
2554,ทั่วประเทศ,รวม,70-79 ปี,รวม,2642933,คน,สำนักงานสถิติแห่งชาติ
2554,ทั่วประเทศ,ในเขตเทศบาล,70-79 ปี,รวม,876557,คน,สำนักงานสถิติแห่งชาติ
2554,ทั่วประเทศ,นอกเขตเทศบาล,70-79 ปี,รวม,1766376,คน,สำนักงานสถิติแห่งชาติ
2554,กรุงเทพมหานคร,ในเขตเทศบาล,70-79 ปี,รวม,246042,คน,สำนักงานสถิติแห่งชาติ
2554,ภาคกลาง(ไม่รวมกรุงเทพมหานคร),รวม,70-79 ปี,รวม,626985,คน,สำนักงานสถิติแห่งชาติ
2554,ภาคเหนือ,รวม,70-79 ปี,รวม,560782,คน,สำนักงานสถิติแห่งชาติ
2554,ภาคตะวันออกเฉียงเหนือ,รวม,70-79 ปี,รวม,860411,คน,สำนักงานสถิติแห่งชาติ
2554,ภาคใต้,รวม,70-79 ปี,รวม,348713,คน,สำนักงานสถิติแห่งชาติ
2554,ทั่วประเทศ,รวม,80 ปีขึ้นไป,รวม,843176,คน,สำนักงานสถิติแห่งชาติ
2554,ทั่วประเทศ,ในเขตเทศบาล,80 ปีขึ้นไป,รวม,283046,คน,สำนักงานสถิติแห่งชาติ
2554,ทั่วประเทศ,นอกเขตเทศบาล,80 ปีขึ้นไป,รวม,560130,คน,สำนักงานสถิติแห่งชาติ
2554,กรุงเทพมหานคร,ในเขตเทศบาล,80 ปีขึ้นไป,รวม,81659,คน,สำนักงานสถิติแห่งชาติ
2554,ภาคกลาง(ไม่รวมกรุงเทพมหานคร),รวม,80 ปีขึ้นไป,รวม,205753,คน,สำนักงานสถิติแห่งชาติ
2554,ภาคเหนือ,รวม,80 ปีขึ้นไป,รวม,178726,คน,สำนักงานสถิติแห่งชาติ
2554,ภาคตะวันออกเฉียงเหนือ,รวม,80 ปีขึ้นไป,รวม,254147,คน,สำนักงานสถิติแห่งชาติ
2554,ภาคใต้,รวม,80 ปีขึ้นไป,รวม,122891,คน,สำนักงานสถิติแห่งชาติ
2554,ทั่วประเทศ,รวม,60-69 ปี,ชาย,2212709,คน,สำนักงานสถิติแห่งชาติ
2554,ทั่วประเทศ,ในเขตเทศบาล,60-69 ปี,ชาย,730502,คน,สำนักงานสถิติแห่งชาติ
2554,ทั่วประเทศ,นอกเขตเทศบาล,60-69 ปี,ชาย,1482207,คน,สำนักงานสถิติแห่งชาติ
2554,กรุงเทพมหานคร,ในเขตเทศบาล,60-69 ปี,ชาย,217974,คน,สำนักงานสถิติแห่งชาติ
2554,ภาคกลาง(ไม่รวมกรุงเทพมหานคร),รวม,60-69 ปี,ชาย,490445,คน,สำนักงานสถิติแห่งชาติ
2554,ภาคเหนือ,รวม,60-69 ปี,ชาย,443642,คน,สำนักงานสถิติแห่งชาติ
2554,ภาคตะวันออกเฉียงเหนือ,รวม,60-69 ปี,ชาย,796238,คน,สำนักงานสถิติแห่งชาติ
2554,ภาคใต้,รวม,60-69 ปี,ชาย,264410,คน,สำนักงานสถิติแห่งชาติ
2554,ทั่วประเทศ,รวม,70-79 ปี,ชาย,1120698,คน,สำนักงานสถิติแห่งชาติ
2554,ทั่วประเทศ,ในเขตเทศบาล,70-79 ปี,ชาย,363378,คน,สำนักงานสถิติแห่งชาติ
2554,ทั่วประเทศ,นอกเขตเทศบาล,70-79 ปี,ชาย,757320,คน,สำนักงานสถิติแห่งชาติ
2554,กรุงเทพมหานคร,ในเขตเทศบาล,70-79 ปี,ชาย,98650,คน,สำนักงานสถิติแห่งชาติ
2554,ภาคกลาง(ไม่รวมกรุงเทพมหานคร),รวม,70-79 ปี,ชาย,261645,คน,สำนักงานสถิติแห่งชาติ
2554,ภาคเหนือ,รวม,70-79 ปี,ชาย,244598,คน,สำนักงานสถิติแห่งชาติ
2554,ภาคตะวันออกเฉียงเหนือ,รวม,70-79 ปี,ชาย,366675,คน,สำนักงานสถิติแห่งชาติ
2554,ภาคใต้,รวม,70-79 ปี,ชาย,149130,คน,สำนักงานสถิติแห่งชาติ
2554,ทั่วประเทศ,รวม,80 ปีขึ้นไป,ชาย,308182,คน,สำนักงานสถิติแห่งชาติ
2554,ทั่วประเทศ,ในเขตเทศบาล,80 ปีขึ้นไป,ชาย,99623,คน,สำนักงานสถิติแห่งชาติ
2554,ทั่วประเทศ,นอกเขตเทศบาล,80 ปีขึ้นไป,ชาย,208559,คน,สำนักงานสถิติแห่งชาติ
2554,กรุงเทพมหานคร,ในเขตเทศบาล,80 ปีขึ้นไป,ชาย,26915,คน,สำนักงานสถิติแห่งชาติ
2554,ภาคกลาง(ไม่รวมกรุงเทพมหานคร),รวม,80 ปีขึ้นไป,ชาย,71971,คน,สำนักงานสถิติแห่งชาติ
2554,ภาคเหนือ,รวม,80 ปีขึ้นไป,ชาย,68224,คน,สำนักงานสถิติแห่งชาติ
2554,ภาคตะวันออกเฉียงเหนือ,รวม,80 ปีขึ้นไป,ชาย,95992,คน,สำนักงานสถิติแห่งชาติ
2554,ภาคใต้,รวม,80 ปีขึ้นไป,ชาย,45080,คน,สำนักงานสถิติแห่งชาติ
2554,ทั่วประเทศ,รวม,60-69 ปี,หญิง,2567486,คน,สำนักงานสถิติแห่งชาติ
2554,ทั่วประเทศ,ในเขตเทศบาล,60-69 ปี,หญิง,878321,คน,สำนักงานสถิติแห่งชาติ
2554,ทั่วประเทศ,นอกเขตเทศบาล,60-69 ปี,หญิง,1689165,คน,สำนักงานสถิติแห่งชาติ
2554,กรุงเทพมหานคร,ในเขตเทศบาล,60-69 ปี,หญิง,268629,คน,สำนักงานสถิติแห่งชาติ
2554,ภาคกลาง(ไม่รวมกรุงเทพมหานคร),รวม,60-69 ปี,หญิง,592212,คน,สำนักงานสถิติแห่งชาติ
2554,ภาคเหนือ,รวม,60-69 ปี,หญิง,497545,คน,สำนักงานสถิติแห่งชาติ
2554,ภาคตะวันออกเฉียงเหนือ,รวม,60-69 ปี,หญิง,906596,คน,สำนักงานสถิติแห่งชาติ
2554,ภาคใต้,รวม,60-69 ปี,หญิง,302504,คน,สำนักงานสถิติแห่งชาติ
2554,ทั่วประเทศ,รวม,70-79 ปี,หญิง,1522235,คน,สำนักงานสถิติแห่งชาติ
2554,ทั่วประเทศ,ในเขตเทศบาล,70-79 ปี,หญิง,513179,คน,สำนักงานสถิติแห่งชาติ
2554,ทั่วประเทศ,นอกเขตเทศบาล,70-79 ปี,หญิง,1009056,คน,สำนักงานสถิติแห่งชาติ
2554,กรุงเทพมหานคร,ในเขตเทศบาล,70-79 ปี,หญิง,147392,คน,สำนักงานสถิติแห่งชาติ
2554,ภาคกลาง(ไม่รวมกรุงเทพมหานคร),รวม,70-79 ปี,หญิง,365340,คน,สำนักงานสถิติแห่งชาติ
2554,ภาคเหนือ,รวม,70-79 ปี,หญิง,316184,คน,สำนักงานสถิติแห่งชาติ
2554,ภาคตะวันออกเฉียงเหนือ,รวม,70-79 ปี,หญิง,493736,คน,สำนักงานสถิติแห่งชาติ
2554,ภาคใต้,รวม,70-79 ปี,หญิง,199583,คน,สำนักงานสถิติแห่งชาติ
2554,ทั่วประเทศ,รวม,80 ปีขึ้นไป,หญิง,534994,คน,สำนักงานสถิติแห่งชาติ
2554,ทั่วประเทศ,ในเขตเทศบาล,80 ปีขึ้นไป,หญิง,183423,คน,สำนักงานสถิติแห่งชาติ
2554,ทั่วประเทศ,นอกเขตเทศบาล,80 ปีขึ้นไป,หญิง,351571,คน,สำนักงานสถิติแห่งชาติ
2554,กรุงเทพมหานคร,ในเขตเทศบาล,80 ปีขึ้นไป,หญิง,54744,คน,สำนักงานสถิติแห่งชาติ
2554,ภาคกลาง(ไม่รวมกรุงเทพมหานคร),รวม,80 ปีขึ้นไป,หญิง,133782,คน,สำนักงานสถิติแห่งชาติ
2554,ภาคเหนือ,รวม,80 ปีขึ้นไป,หญิง,110502,คน,สำนักงานสถิติแห่งชาติ
2554,ภาคตะวันออกเฉียงเหนือ,รวม,80 ปีขึ้นไป,หญิง,158155,คน,สำนักงานสถิติแห่งชาติ
2554,ภาคใต้,รวม,80 ปีขึ้นไป,หญิง,77811,คน,สำนักงานสถิติแห่งชาติ
2557,ทั่วประเทศ,รวม,รวม,รวม,10014705,คน,สำนักงานสถิติแห่งชาติ
2557,ทั่วประเทศ,ในเขตเทศบาล,รวม,รวม,4097963,คน,สำนักงานสถิติแห่งชาติ
2557,ทั่วประเทศ,นอกเขตเทศบาล,รวม,รวม,5916742,คน,สำนักงานสถิติแห่งชาติ
2557,กรุงเทพมหานคร,ในเขตเทศบาล,รวม,รวม,942586,คน,สำนักงานสถิติแห่งชาติ
2557,ภาคกลาง(ไม่รวมกรุงเทพมหานคร),รวม,รวม,รวม,2561881,คน,สำนักงานสถิติแห่งชาติ
2557,ภาคเหนือ,รวม,รวม,รวม,2117550,คน,สำนักงานสถิติแห่งชาติ
2557,ภาคตะวันออกเฉียงเหนือ,รวม,รวม,รวม,3192932,คน,สำนักงานสถิติแห่งชาติ
2557,ภาคใต้,รวม,รวม,รวม,1199756,คน,สำนักงานสถิติแห่งชาติ
2557,ทั่วประเทศ,รวม,60-64 ปี,รวม,3318193,คน,สำนักงานสถิติแห่งชาติ
2557,ทั่วประเทศ,ในเขตเทศบาล,60-64 ปี,รวม,1394071,คน,สำนักงานสถิติแห่งชาติ
2557,ทั่วประเทศ,นอกเขตเทศบาล,60-64 ปี,รวม,1924122,คน,สำนักงานสถิติแห่งชาติ
2557,กรุงเทพมหานคร,ในเขตเทศบาล,60-64 ปี,รวม,346802,คน,สำนักงานสถิติแห่งชาติ
2557,ภาคกลาง(ไม่รวมกรุงเทพมหานคร),รวม,60-64 ปี,รวม,850820,คน,สำนักงานสถิติแห่งชาติ
2557,ภาคเหนือ,รวม,60-64 ปี,รวม,716730,คน,สำนักงานสถิติแห่งชาติ
2557,ภาคตะวันออกเฉียงเหนือ,รวม,60-64 ปี,รวม,1031475,คน,สำนักงานสถิติแห่งชาติ
2557,ภาคใต้,รวม,60-64 ปี,รวม,372366,คน,สำนักงานสถิติแห่งชาติ
2557,ทั่วประเทศ,รวม,65-69 ปี,รวม,2336991,คน,สำนักงานสถิติแห่งชาติ
2557,ทั่วประเทศ,ในเขตเทศบาล,65-69 ปี,รวม,949490,คน,สำนักงานสถิติแห่งชาติ
2557,ทั่วประเทศ,นอกเขตเทศบาล,65-69 ปี,รวม,1387501,คน,สำนักงานสถิติแห่งชาติ
2557,กรุงเทพมหานคร,ในเขตเทศบาล,65-69 ปี,รวม,213380,คน,สำนักงานสถิติแห่งชาติ
2557,ภาคกลาง(ไม่รวมกรุงเทพมหานคร),รวม,65-69 ปี,รวม,584408,คน,สำนักงานสถิติแห่งชาติ
2557,ภาคเหนือ,รวม,65-69 ปี,รวม,468795,คน,สำนักงานสถิติแห่งชาติ
2557,ภาคตะวันออกเฉียงเหนือ,รวม,65-69 ปี,รวม,803301,คน,สำนักงานสถิติแห่งชาติ
2557,ภาคใต้,รวม,65-69 ปี,รวม,267107,คน,สำนักงานสถิติแห่งชาติ
2557,ทั่วประเทศ,รวม,70-74 ปี,รวม,1744762,คน,สำนักงานสถิติแห่งชาติ
2557,ทั่วประเทศ,ในเขตเทศบาล,70-74 ปี,รวม,700975,คน,สำนักงานสถิติแห่งชาติ
2557,ทั่วประเทศ,นอกเขตเทศบาล,70-74 ปี,รวม,1043787,คน,สำนักงานสถิติแห่งชาติ
2557,กรุงเทพมหานคร,ในเขตเทศบาล,70-74 ปี,รวม,153808,คน,สำนักงานสถิติแห่งชาติ
2557,ภาคกลาง(ไม่รวมกรุงเทพมหานคร),รวม,70-74 ปี,รวม,445372,คน,สำนักงานสถิติแห่งชาติ
2557,ภาคเหนือ,รวม,70-74 ปี,รวม,357613,คน,สำนักงานสถิติแห่งชาติ
2557,ภาคตะวันออกเฉียงเหนือ,รวม,70-74 ปี,รวม,577928,คน,สำนักงานสถิติแห่งชาติ
2557,ภาคใต้,รวม,70-74 ปี,รวม,210041,คน,สำนักงานสถิติแห่งชาติ
2557,ทั่วประเทศ,รวม,75-79 ปี,รวม,1250936,คน,สำนักงานสถิติแห่งชาติ
2557,ทั่วประเทศ,ในเขตเทศบาล,75-79 ปี,รวม,504953,คน,สำนักงานสถิติแห่งชาติ
2557,ทั่วประเทศ,นอกเขตเทศบาล,75-79 ปี,รวม,745983,คน,สำนักงานสถิติแห่งชาติ
2557,กรุงเทพมหานคร,ในเขตเทศบาล,75-79 ปี,รวม,109788,คน,สำนักงานสถิติแห่งชาติ
2557,ภาคกลาง(ไม่รวมกรุงเทพมหานคร),รวม,75-79 ปี,รวม,327982,คน,สำนักงานสถิติแห่งชาติ
2557,ภาคเหนือ,รวม,75-79 ปี,รวม,270440,คน,สำนักงานสถิติแห่งชาติ
2557,ภาคตะวันออกเฉียงเหนือ,รวม,75-79 ปี,รวม,380183,คน,สำนักงานสถิติแห่งชาติ
2557,ภาคใต้,รวม,75-79 ปี,รวม,162543,คน,สำนักงานสถิติแห่งชาติ
2557,ทั่วประเทศ,รวม,80 ปีขึ้นไป,รวม,1363823,คน,สำนักงานสถิติแห่งชาติ
2557,ทั่วประเทศ,ในเขตเทศบาล,80 ปีขึ้นไป,รวม,548474,คน,สำนักงานสถิติแห่งชาติ
2557,ทั่วประเทศ,นอกเขตเทศบาล,80 ปีขึ้นไป,รวม,815349,คน,สำนักงานสถิติแห่งชาติ
2557,กรุงเทพมหานคร,ในเขตเทศบาล,80 ปีขึ้นไป,รวม,118808,คน,สำนักงานสถิติแห่งชาติ
2557,ภาคกลาง(ไม่รวมกรุงเทพมหานคร),รวม,80 ปีขึ้นไป,รวม,353299,คน,สำนักงานสถิติแห่งชาติ
2557,ภาคเหนือ,รวม,80 ปีขึ้นไป,รวม,303972,คน,สำนักงานสถิติแห่งชาติ
2557,ภาคตะวันออกเฉียงเหนือ,รวม,80 ปีขึ้นไป,รวม,400045,คน,สำนักงานสถิติแห่งชาติ
2557,ภาคใต้,รวม,80 ปีขึ้นไป,รวม,187699,คน,สำนักงานสถิติแห่งชาติ
2557,ทั่วประเทศ,รวม,รวม,ชาย,4514815,คน,สำนักงานสถิติแห่งชาติ
2557,ทั่วประเทศ,ในเขตเทศบาล,รวม,ชาย,1821569,คน,สำนักงานสถิติแห่งชาติ
2557,ทั่วประเทศ,นอกเขตเทศบาล,รวม,ชาย,2693246,คน,สำนักงานสถิติแห่งชาติ
2557,กรุงเทพมหานคร,ในเขตเทศบาล,รวม,ชาย,412760,คน,สำนักงานสถิติแห่งชาติ
2557,ภาคกลาง(ไม่รวมกรุงเทพมหานคร),รวม,รวม,ชาย,1132330,คน,สำนักงานสถิติแห่งชาติ
2557,ภาคเหนือ,รวม,รวม,ชาย,977353,คน,สำนักงานสถิติแห่งชาติ
2557,ภาคตะวันออกเฉียงเหนือ,รวม,รวม,ชาย,1454036,คน,สำนักงานสถิติแห่งชาติ
2557,ภาคใต้,รวม,รวม,ชาย,538336,คน,สำนักงานสถิติแห่งชาติ
2557,ทั่วประเทศ,รวม,60-64 ปี,ชาย,1565047,คน,สำนักงานสถิติแห่งชาติ
2557,ทั่วประเทศ,ในเขตเทศบาล,60-64 ปี,ชาย,650102,คน,สำนักงานสถิติแห่งชาติ
2557,ทั่วประเทศ,นอกเขตเทศบาล,60-64 ปี,ชาย,914945,คน,สำนักงานสถิติแห่งชาติ
2557,กรุงเทพมหานคร,ในเขตเทศบาล,60-64 ปี,ชาย,161969,คน,สำนักงานสถิติแห่งชาติ
2557,ภาคกลาง(ไม่รวมกรุงเทพมหานคร),รวม,60-64 ปี,ชาย,392690,คน,สำนักงานสถิติแห่งชาติ
2557,ภาคเหนือ,รวม,60-64 ปี,ชาย,342608,คน,สำนักงานสถิติแห่งชาติ
2557,ภาคตะวันออกเฉียงเหนือ,รวม,60-64 ปี,ชาย,491847,คน,สำนักงานสถิติแห่งชาติ
2557,ภาคใต้,รวม,60-64 ปี,ชาย,175933,คน,สำนักงานสถิติแห่งชาติ
2557,ทั่วประเทศ,รวม,65-69 ปี,ชาย,1087072,คน,สำนักงานสถิติแห่งชาติ
2557,ทั่วประเทศ,ในเขตเทศบาล,65-69 ปี,ชาย,434797,คน,สำนักงานสถิติแห่งชาติ
2557,ทั่วประเทศ,นอกเขตเทศบาล,65-69 ปี,ชาย,652275,คน,สำนักงานสถิติแห่งชาติ
2557,กรุงเทพมหานคร,ในเขตเทศบาล,65-69 ปี,ชาย,93952,คน,สำนักงานสถิติแห่งชาติ
2557,ภาคกลาง(ไม่รวมกรุงเทพมหานคร),รวม,65-69 ปี,ชาย,267868,คน,สำนักงานสถิติแห่งชาติ
2557,ภาคเหนือ,รวม,65-69 ปี,ชาย,223282,คน,สำนักงานสถิติแห่งชาติ
2557,ภาคตะวันออกเฉียงเหนือ,รวม,65-69 ปี,ชาย,378086,คน,สำนักงานสถิติแห่งชาติ
2557,ภาคใต้,รวม,65-69 ปี,ชาย,123884,คน,สำนักงานสถิติแห่งชาติ
2557,ทั่วประเทศ,รวม,70-74 ปี,ชาย,787334,คน,สำนักงานสถิติแห่งชาติ
2557,ทั่วประเทศ,ในเขตเทศบาล,70-74 ปี,ชาย,310656,คน,สำนักงานสถิติแห่งชาติ
2557,ทั่วประเทศ,นอกเขตเทศบาล,70-74 ปี,ชาย,476678,คน,สำนักงานสถิติแห่งชาติ
2557,กรุงเทพมหานคร,ในเขตเทศบาล,70-74 ปี,ชาย,66211,คน,สำนักงานสถิติแห่งชาติ
2557,ภาคกลาง(ไม่รวมกรุงเทพมหานคร),รวม,70-74 ปี,ชาย,197197,คน,สำนักงานสถิติแห่งชาติ
2557,ภาคเหนือ,รวม,70-74 ปี,ชาย,165865,คน,สำนักงานสถิติแห่งชาติ
2557,ภาคตะวันออกเฉียงเหนือ,รวม,70-74 ปี,ชาย,262551,คน,สำนักงานสถิติแห่งชาติ
2557,ภาคใต้,รวม,70-74 ปี,ชาย,95510,คน,สำนักงานสถิติแห่งชาติ
2557,ทั่วประเทศ,รวม,75-79 ปี,ชาย,537933,คน,สำนักงานสถิติแห่งชาติ
2557,ทั่วประเทศ,ในเขตเทศบาล,75-79 ปี,ชาย,214030,คน,สำนักงานสถิติแห่งชาติ
2557,ทั่วประเทศ,นอกเขตเทศบาล,75-79 ปี,ชาย,323903,คน,สำนักงานสถิติแห่งชาติ
2557,กรุงเทพมหานคร,ในเขตเทศบาล,75-79 ปี,ชาย,46024,คน,สำนักงานสถิติแห่งชาติ
2557,ภาคกลาง(ไม่รวมกรุงเทพมหานคร),รวม,75-79 ปี,ชาย,139334,คน,สำนักงานสถิติแห่งชาติ
2557,ภาคเหนือ,รวม,75-79 ปี,ชาย,120098,คน,สำนักงานสถิติแห่งชาติ
2557,ภาคตะวันออกเฉียงเหนือ,รวม,75-79 ปี,ชาย,163076,คน,สำนักงานสถิติแห่งชาติ
2557,ภาคใต้,รวม,75-79 ปี,ชาย,69401,คน,สำนักงานสถิติแห่งชาติ
2557,ทั่วประเทศ,รวม,80 ปีขึ้นไป,ชาย,537429,คน,สำนักงานสถิติแห่งชาติ
2557,ทั่วประเทศ,ในเขตเทศบาล,80 ปีขึ้นไป,ชาย,211984,คน,สำนักงานสถิติแห่งชาติ
2557,ทั่วประเทศ,นอกเขตเทศบาล,80 ปีขึ้นไป,ชาย,325445,คน,สำนักงานสถิติแห่งชาติ
2557,กรุงเทพมหานคร,ในเขตเทศบาล,80 ปีขึ้นไป,ชาย,44604,คน,สำนักงานสถิติแห่งชาติ
2557,ภาคกลาง(ไม่รวมกรุงเทพมหานคร),รวม,80 ปีขึ้นไป,ชาย,135241,คน,สำนักงานสถิติแห่งชาติ
2557,ภาคเหนือ,รวม,80 ปีขึ้นไป,ชาย,125500,คน,สำนักงานสถิติแห่งชาติ
2557,ภาคตะวันออกเฉียงเหนือ,รวม,80 ปีขึ้นไป,ชาย,158476,คน,สำนักงานสถิติแห่งชาติ
2557,ภาคใต้,รวม,80 ปีขึ้นไป,ชาย,73608,คน,สำนักงานสถิติแห่งชาติ
2557,ทั่วประเทศ,รวม,รวม,หญิง,5499890,คน,สำนักงานสถิติแห่งชาติ
2557,ทั่วประเทศ,ในเขตเทศบาล,รวม,หญิง,2276394,คน,สำนักงานสถิติแห่งชาติ
2557,ทั่วประเทศ,นอกเขตเทศบาล,รวม,หญิง,3223496,คน,สำนักงานสถิติแห่งชาติ
2557,กรุงเทพมหานคร,ในเขตเทศบาล,รวม,หญิง,529826,คน,สำนักงานสถิติแห่งชาติ
2557,ภาคกลาง(ไม่รวมกรุงเทพมหานคร),รวม,รวม,หญิง,1429551,คน,สำนักงานสถิติแห่งชาติ
2557,ภาคเหนือ,รวม,รวม,หญิง,1140197,คน,สำนักงานสถิติแห่งชาติ
2557,ภาคตะวันออกเฉียงเหนือ,รวม,รวม,หญิง,1738896,คน,สำนักงานสถิติแห่งชาติ
2557,ภาคใต้,รวม,รวม,หญิง,661420,คน,สำนักงานสถิติแห่งชาติ
2557,ทั่วประเทศ,รวม,60-64 ปี,หญิง,1753146,คน,สำนักงานสถิติแห่งชาติ
2557,ทั่วประเทศ,ในเขตเทศบาล,60-64 ปี,หญิง,743969,คน,สำนักงานสถิติแห่งชาติ
2557,ทั่วประเทศ,นอกเขตเทศบาล,60-64 ปี,หญิง,1009177,คน,สำนักงานสถิติแห่งชาติ
2557,กรุงเทพมหานคร,ในเขตเทศบาล,60-64 ปี,หญิง,184833,คน,สำนักงานสถิติแห่งชาติ
2557,ภาคกลาง(ไม่รวมกรุงเทพมหานคร),รวม,60-64 ปี,หญิง,458130,คน,สำนักงานสถิติแห่งชาติ
2557,ภาคเหนือ,รวม,60-64 ปี,หญิง,374122,คน,สำนักงานสถิติแห่งชาติ
2557,ภาคตะวันออกเฉียงเหนือ,รวม,60-64 ปี,หญิง,539628,คน,สำนักงานสถิติแห่งชาติ
2557,ภาคใต้,รวม,60-64 ปี,หญิง,196433,คน,สำนักงานสถิติแห่งชาติ
2557,ทั่วประเทศ,รวม,65-69 ปี,หญิง,1249919,คน,สำนักงานสถิติแห่งชาติ
2557,ทั่วประเทศ,ในเขตเทศบาล,65-69 ปี,หญิง,514693,คน,สำนักงานสถิติแห่งชาติ
2557,ทั่วประเทศ,นอกเขตเทศบาล,65-69 ปี,หญิง,735226,คน,สำนักงานสถิติแห่งชาติ
2557,กรุงเทพมหานคร,ในเขตเทศบาล,65-69 ปี,หญิง,119428,คน,สำนักงานสถิติแห่งชาติ
2557,ภาคกลาง(ไม่รวมกรุงเทพมหานคร),รวม,65-69 ปี,หญิง,316540,คน,สำนักงานสถิติแห่งชาติ
2557,ภาคเหนือ,รวม,65-69 ปี,หญิง,245513,คน,สำนักงานสถิติแห่งชาติ
2557,ภาคตะวันออกเฉียงเหนือ,รวม,65-69 ปี,หญิง,425215,คน,สำนักงานสถิติแห่งชาติ
2557,ภาคใต้,รวม,65-69 ปี,หญิง,143223,คน,สำนักงานสถิติแห่งชาติ
2557,ทั่วประเทศ,รวม,70-74 ปี,หญิง,957428,คน,สำนักงานสถิติแห่งชาติ
2557,ทั่วประเทศ,ในเขตเทศบาล,70-74 ปี,หญิง,390319,คน,สำนักงานสถิติแห่งชาติ
2557,ทั่วประเทศ,นอกเขตเทศบาล,70-74 ปี,หญิง,567109,คน,สำนักงานสถิติแห่งชาติ
2557,กรุงเทพมหานคร,ในเขตเทศบาล,70-74 ปี,หญิง,87597,คน,สำนักงานสถิติแห่งชาติ
2557,ภาคกลาง(ไม่รวมกรุงเทพมหานคร),รวม,70-74 ปี,หญิง,248175,คน,สำนักงานสถิติแห่งชาติ
2557,ภาคเหนือ,รวม,70-74 ปี,หญิง,191748,คน,สำนักงานสถิติแห่งชาติ
2557,ภาคตะวันออกเฉียงเหนือ,รวม,70-74 ปี,หญิง,315377,คน,สำนักงานสถิติแห่งชาติ
2557,ภาคใต้,รวม,70-74 ปี,หญิง,114531,คน,สำนักงานสถิติแห่งชาติ
2557,ทั่วประเทศ,รวม,75-79 ปี,หญิง,713003,คน,สำนักงานสถิติแห่งชาติ
2557,ทั่วประเทศ,ในเขตเทศบาล,75-79 ปี,หญิง,290923,คน,สำนักงานสถิติแห่งชาติ
2557,ทั่วประเทศ,นอกเขตเทศบาล,75-79 ปี,หญิง,422080,คน,สำนักงานสถิติแห่งชาติ
2557,กรุงเทพมหานคร,ในเขตเทศบาล,75-79 ปี,หญิง,63764,คน,สำนักงานสถิติแห่งชาติ
2557,ภาคกลาง(ไม่รวมกรุงเทพมหานคร),รวม,75-79 ปี,หญิง,188648,คน,สำนักงานสถิติแห่งชาติ
2557,ภาคเหนือ,รวม,75-79 ปี,หญิง,150342,คน,สำนักงานสถิติแห่งชาติ
2557,ภาคตะวันออกเฉียงเหนือ,รวม,75-79 ปี,หญิง,217107,คน,สำนักงานสถิติแห่งชาติ
2557,ภาคใต้,รวม,75-79 ปี,หญิง,93142,คน,สำนักงานสถิติแห่งชาติ
2557,ทั่วประเทศ,รวม,80 ปีขึ้นไป,หญิง,826394,คน,สำนักงานสถิติแห่งชาติ
2557,ทั่วประเทศ,ในเขตเทศบาล,80 ปีขึ้นไป,หญิง,336490,คน,สำนักงานสถิติแห่งชาติ
2557,ทั่วประเทศ,นอกเขตเทศบาล,80 ปีขึ้นไป,หญิง,489904,คน,สำนักงานสถิติแห่งชาติ
2557,กรุงเทพมหานคร,ในเขตเทศบาล,80 ปีขึ้นไป,หญิง,74204,คน,สำนักงานสถิติแห่งชาติ
2557,ภาคกลาง(ไม่รวมกรุงเทพมหานคร),รวม,80 ปีขึ้นไป,หญิง,218058,คน,สำนักงานสถิติแห่งชาติ
2557,ภาคเหนือ,รวม,80 ปีขึ้นไป,หญิง,178472,คน,สำนักงานสถิติแห่งชาติ
2557,ภาคตะวันออกเฉียงเหนือ,รวม,80 ปีขึ้นไป,หญิง,241569,คน,สำนักงานสถิติแห่งชาติ
2557,ภาคใต้,รวม,80 ปีขึ้นไป,หญิง,114091,คน,สำนักงานสถิติแห่งชาติ
2560,ทั่วประเทศ,รวม,รวม,รวม,11312447,คน,สำนักงานสถิติแห่งชาติ
2560,ทั่วประเทศ,ในเขตเทศบาล,รวม,รวม,4656769,คน,สำนักงานสถิติแห่งชาติ
2560,ทั่วประเทศ,นอกเขตเทศบาล,รวม,รวม,6655678,คน,สำนักงานสถิติแห่งชาติ
2560,กรุงเทพมหานคร,ในเขตเทศบาล,รวม,รวม,1089974,คน,สำนักงานสถิติแห่งชาติ
2560,ภาคกลาง(ไม่รวมกรุงเทพมหานคร),รวม,รวม,รวม,2913742,คน,สำนักงานสถิติแห่งชาติ
2560,ภาคเหนือ,รวม,รวม,รวม,2402809,คน,สำนักงานสถิติแห่งชาติ
2560,ภาคตะวันออกเฉียงเหนือ,รวม,รวม,รวม,3570727,คน,สำนักงานสถิติแห่งชาติ
2560,ภาคใต้,รวม,รวม,รวม,1335195,คน,สำนักงานสถิติแห่งชาติ
2560,ทั่วประเทศ,รวม,60-64 ปี,รวม,3740907,คน,สำนักงานสถิติแห่งชาติ
2560,ทั่วประเทศ,ในเขตเทศบาล,60-64 ปี,รวม,1578063,คน,สำนักงานสถิติแห่งชาติ
2560,ทั่วประเทศ,นอกเขตเทศบาล,60-64 ปี,รวม,2162844,คน,สำนักงานสถิติแห่งชาติ
2560,กรุงเทพมหานคร,ในเขตเทศบาล,60-64 ปี,รวม,393800,คน,สำนักงานสถิติแห่งชาติ
2560,ภาคกลาง(ไม่รวมกรุงเทพมหานคร),รวม,60-64 ปี,รวม,969651,คน,สำนักงานสถิติแห่งชาติ
2560,ภาคเหนือ,รวม,60-64 ปี,รวม,824042,คน,สำนักงานสถิติแห่งชาติ
2560,ภาคตะวันออกเฉียงเหนือ,รวม,60-64 ปี,รวม,1133841,คน,สำนักงานสถิติแห่งชาติ
2560,ภาคใต้,รวม,60-64 ปี,รวม,419573,คน,สำนักงานสถิติแห่งชาติ
2560,ทั่วประเทศ,รวม,65-69 ปี,รวม,2750551,คน,สำนักงานสถิติแห่งชาติ
2560,ทั่วประเทศ,ในเขตเทศบาล,65-69 ปี,รวม,1137525,คน,สำนักงานสถิติแห่งชาติ
2560,ทั่วประเทศ,นอกเขตเทศบาล,65-69 ปี,รวม,1613026,คน,สำนักงานสถิติแห่งชาติ
2560,กรุงเทพมหานคร,ในเขตเทศบาล,65-69 ปี,รวม,272628,คน,สำนักงานสถิติแห่งชาติ
2560,ภาคกลาง(ไม่รวมกรุงเทพมหานคร),รวม,65-69 ปี,รวม,702416,คน,สำนักงานสถิติแห่งชาติ
2560,ภาคเหนือ,รวม,65-69 ปี,รวม,576215,คน,สำนักงานสถิติแห่งชาติ
2560,ภาคตะวันออกเฉียงเหนือ,รวม,65-69 ปี,รวม,886739,คน,สำนักงานสถิติแห่งชาติ
2560,ภาคใต้,รวม,65-69 ปี,รวม,312553,คน,สำนักงานสถิติแห่งชาติ
2560,ทั่วประเทศ,รวม,70-74 ปี,รวม,1927643,คน,สำนักงานสถิติแห่งชาติ
2560,ทั่วประเทศ,ในเขตเทศบาล,70-74 ปี,รวม,775786,คน,สำนักงานสถิติแห่งชาติ
2560,ทั่วประเทศ,นอกเขตเทศบาล,70-74 ปี,รวม,1151857,คน,สำนักงานสถิติแห่งชาติ
2560,กรุงเทพมหานคร,ในเขตเทศบาล,70-74 ปี,รวม,172610,คน,สำนักงานสถิติแห่งชาติ
2560,ภาคกลาง(ไม่รวมกรุงเทพมหานคร),รวม,70-74 ปี,รวม,485025,คน,สำนักงานสถิติแห่งชาติ
2560,ภาคเหนือ,รวม,70-74 ปี,รวม,380613,คน,สำนักงานสถิติแห่งชาติ
2560,ภาคตะวันออกเฉียงเหนือ,รวม,70-74 ปี,รวม,663679,คน,สำนักงานสถิติแห่งชาติ
2560,ภาคใต้,รวม,70-74 ปี,รวม,225716,คน,สำนักงานสถิติแห่งชาติ
2560,ทั่วประเทศ,รวม,75-79 ปี,รวม,1352588,คน,สำนักงานสถิติแห่งชาติ
2560,ทั่วประเทศ,ในเขตเทศบาล,75-79 ปี,รวม,545994,คน,สำนักงานสถิติแห่งชาติ
2560,ทั่วประเทศ,นอกเขตเทศบาล,75-79 ปี,รวม,806594,คน,สำนักงานสถิติแห่งชาติ
2560,กรุงเทพมหานคร,ในเขตเทศบาล,75-79 ปี,รวม,118517,คน,สำนักงานสถิติแห่งชาติ
2560,ภาคกลาง(ไม่รวมกรุงเทพมหานคร),รวม,75-79 ปี,รวม,354054,คน,สำนักงานสถิติแห่งชาติ
2560,ภาคเหนือ,รวม,75-79 ปี,รวม,281069,คน,สำนักงานสถิติแห่งชาติ
2560,ภาคตะวันออกเฉียงเหนือ,รวม,75-79 ปี,รวม,432042,คน,สำนักงานสถิติแห่งชาติ
2560,ภาคใต้,รวม,75-79 ปี,รวม,166906,คน,สำนักงานสถิติแห่งชาติ
2560,ทั่วประเทศ,รวม,80 ปีขึ้นไป,รวม,1540758,คน,สำนักงานสถิติแห่งชาติ
2560,ทั่วประเทศ,ในเขตเทศบาล,80 ปีขึ้นไป,รวม,619401,คน,สำนักงานสถิติแห่งชาติ
2560,ทั่วประเทศ,นอกเขตเทศบาล,80 ปีขึ้นไป,รวม,921357,คน,สำนักงานสถิติแห่งชาติ
2560,กรุงเทพมหานคร,ในเขตเทศบาล,80 ปีขึ้นไป,รวม,132419,คน,สำนักงานสถิติแห่งชาติ
2560,ภาคกลาง(ไม่รวมกรุงเทพมหานคร),รวม,80 ปีขึ้นไป,รวม,402596,คน,สำนักงานสถิติแห่งชาติ
2560,ภาคเหนือ,รวม,80 ปีขึ้นไป,รวม,340870,คน,สำนักงานสถิติแห่งชาติ
2560,ภาคตะวันออกเฉียงเหนือ,รวม,80 ปีขึ้นไป,รวม,454426,คน,สำนักงานสถิติแห่งชาติ
2560,ภาคใต้,รวม,80 ปีขึ้นไป,รวม,210447,คน,สำนักงานสถิติแห่งชาติ
2560,ทั่วประเทศ,รวม,รวม,ชาย,5083681,คน,สำนักงานสถิติแห่งชาติ
2560,ทั่วประเทศ,ในเขตเทศบาล,รวม,ชาย,2062919,คน,สำนักงานสถิติแห่งชาติ
2560,ทั่วประเทศ,นอกเขตเทศบาล,รวม,ชาย,3020762,คน,สำนักงานสถิติแห่งชาติ
2560,กรุงเทพมหานคร,ในเขตเทศบาล,รวม,ชาย,476782,คน,สำนักงานสถิติแห่งชาติ
2560,ภาคกลาง(ไม่รวมกรุงเทพมหานคร),รวม,รวม,ชาย,1280708,คน,สำนักงานสถิติแห่งชาติ
2560,ภาคเหนือ,รวม,รวม,ชาย,1104134,คน,สำนักงานสถิติแห่งชาติ
2560,ภาคตะวันออกเฉียงเหนือ,รวม,รวม,ชาย,1626163,คน,สำนักงานสถิติแห่งชาติ
2560,ภาคใต้,รวม,รวม,ชาย,595894,คน,สำนักงานสถิติแห่งชาติ
2560,ทั่วประเทศ,รวม,60-64 ปี,ชาย,1757329,คน,สำนักงานสถิติแห่งชาติ
2560,ทั่วประเทศ,ในเขตเทศบาล,60-64 ปี,ชาย,732014,คน,สำนักงานสถิติแห่งชาติ
2560,ทั่วประเทศ,นอกเขตเทศบาล,60-64 ปี,ชาย,1025315,คน,สำนักงานสถิติแห่งชาติ
2560,กรุงเทพมหานคร,ในเขตเทศบาล,60-64 ปี,ชาย,182207,คน,สำนักงานสถิติแห่งชาติ
2560,ภาคกลาง(ไม่รวมกรุงเทพมหานคร),รวม,60-64 ปี,ชาย,446386,คน,สำนักงานสถิติแห่งชาติ
2560,ภาคเหนือ,รวม,60-64 ปี,ชาย,390719,คน,สำนักงานสถิติแห่งชาติ
2560,ภาคตะวันออกเฉียงเหนือ,รวม,60-64 ปี,ชาย,540262,คน,สำนักงานสถิติแห่งชาติ
2560,ภาคใต้,รวม,60-64 ปี,ชาย,197755,คน,สำนักงานสถิติแห่งชาติ
2560,ทั่วประเทศ,รวม,65-69 ปี,ชาย,1274928,คน,สำนักงานสถิติแห่งชาติ
2560,ทั่วประเทศ,ในเขตเทศบาล,65-69 ปี,ชาย,520160,คน,สำนักงานสถิติแห่งชาติ
2560,ทั่วประเทศ,นอกเขตเทศบาล,65-69 ปี,ชาย,754768,คน,สำนักงานสถิติแห่งชาติ
2560,กรุงเทพมหานคร,ในเขตเทศบาล,65-69 ปี,ชาย,122386,คน,สำนักงานสถิติแห่งชาติ
2560,ภาคกลาง(ไม่รวมกรุงเทพมหานคร),รวม,65-69 ปี,ชาย,318348,คน,สำนักงานสถิติแห่งชาติ
2560,ภาคเหนือ,รวม,65-69 ปี,ชาย,272599,คน,สำนักงานสถิติแห่งชาติ
2560,ภาคตะวันออกเฉียงเหนือ,รวม,65-69 ปี,ชาย,416835,คน,สำนักงานสถิติแห่งชาติ
2560,ภาคใต้,รวม,65-69 ปี,ชาย,144760,คน,สำนักงานสถิติแห่งชาติ
2560,ทั่วประเทศ,รวม,70-74 ปี,ชาย,868524,คน,สำนักงานสถิติแห่งชาติ
2560,ทั่วประเทศ,ในเขตเทศบาล,70-74 ปี,ชาย,343082,คน,สำนักงานสถิติแห่งชาติ
2560,ทั่วประเทศ,นอกเขตเทศบาล,70-74 ปี,ชาย,525442,คน,สำนักงานสถิติแห่งชาติ
2560,กรุงเทพมหานคร,ในเขตเทศบาล,70-74 ปี,ชาย,74273,คน,สำนักงานสถิติแห่งชาติ
2560,ภาคกลาง(ไม่รวมกรุงเทพมหานคร),รวม,70-74 ปี,ชาย,213339,คน,สำนักงานสถิติแห่งชาติ
2560,ภาคเหนือ,รวม,70-74 ปี,ชาย,176419,คน,สำนักงานสถิติแห่งชาติ
2560,ภาคตะวันออกเฉียงเหนือ,รวม,70-74 ปี,ชาย,303571,คน,สำนักงานสถิติแห่งชาติ
2560,ภาคใต้,รวม,70-74 ปี,ชาย,100922,คน,สำนักงานสถิติแห่งชาติ
2560,ทั่วประเทศ,รวม,75-79 ปี,ชาย,582597,คน,สำนักงานสถิติแห่งชาติ
2560,ทั่วประเทศ,ในเขตเทศบาล,75-79 ปี,ชาย,229826,คน,สำนักงานสถิติแห่งชาติ
2560,ทั่วประเทศ,นอกเขตเทศบาล,75-79 ปี,ชาย,352771,คน,สำนักงานสถิติแห่งชาติ
2560,กรุงเทพมหานคร,ในเขตเทศบาล,75-79 ปี,ชาย,47244,คน,สำนักงานสถิติแห่งชาติ
2560,ภาคกลาง(ไม่รวมกรุงเทพมหานคร),รวม,75-79 ปี,ชาย,149485,คน,สำนักงานสถิติแห่งชาติ
2560,ภาคเหนือ,รวม,75-79 ปี,ชาย,125502,คน,สำนักงานสถิติแห่งชาติ
2560,ภาคตะวันออกเฉียงเหนือ,รวม,75-79 ปี,ชาย,188116,คน,สำนักงานสถิติแห่งชาติ
2560,ภาคใต้,รวม,75-79 ปี,ชาย,72250,คน,สำนักงานสถิติแห่งชาติ
2560,ทั่วประเทศ,รวม,80 ปีขึ้นไป,ชาย,600303,คน,สำนักงานสถิติแห่งชาติ
2560,ทั่วประเทศ,ในเขตเทศบาล,80 ปีขึ้นไป,ชาย,237837,คน,สำนักงานสถิติแห่งชาติ
2560,ทั่วประเทศ,นอกเขตเทศบาล,80 ปีขึ้นไป,ชาย,362466,คน,สำนักงานสถิติแห่งชาติ
2560,กรุงเทพมหานคร,ในเขตเทศบาล,80 ปีขึ้นไป,ชาย,50672,คน,สำนักงานสถิติแห่งชาติ
2560,ภาคกลาง(ไม่รวมกรุงเทพมหานคร),รวม,80 ปีขึ้นไป,ชาย,153150,คน,สำนักงานสถิติแห่งชาติ
2560,ภาคเหนือ,รวม,80 ปีขึ้นไป,ชาย,138895,คน,สำนักงานสถิติแห่งชาติ
2560,ภาคตะวันออกเฉียงเหนือ,รวม,80 ปีขึ้นไป,ชาย,177379,คน,สำนักงานสถิติแห่งชาติ
2560,ภาคใต้,รวม,80 ปีขึ้นไป,ชาย,80207,คน,สำนักงานสถิติแห่งชาติ
2560,ทั่วประเทศ,รวม,รวม,หญิง,6228766,คน,สำนักงานสถิติแห่งชาติ
2560,ทั่วประเทศ,ในเขตเทศบาล,รวม,หญิง,2593850,คน,สำนักงานสถิติแห่งชาติ
2560,ทั่วประเทศ,นอกเขตเทศบาล,รวม,หญิง,3634916,คน,สำนักงานสถิติแห่งชาติ
2560,กรุงเทพมหานคร,ในเขตเทศบาล,รวม,หญิง,613192,คน,สำนักงานสถิติแห่งชาติ
2560,ภาคกลาง(ไม่รวมกรุงเทพมหานคร),รวม,รวม,หญิง,1633034,คน,สำนักงานสถิติแห่งชาติ
2560,ภาคเหนือ,รวม,รวม,หญิง,1298675,คน,สำนักงานสถิติแห่งชาติ
2560,ภาคตะวันออกเฉียงเหนือ,รวม,รวม,หญิง,1944564,คน,สำนักงานสถิติแห่งชาติ
2560,ภาคใต้,รวม,รวม,หญิง,739301,คน,สำนักงานสถิติแห่งชาติ
2560,ทั่วประเทศ,รวม,60-64 ปี,หญิง,1983578,คน,สำนักงานสถิติแห่งชาติ
2560,ทั่วประเทศ,ในเขตเทศบาล,60-64 ปี,หญิง,846049,คน,สำนักงานสถิติแห่งชาติ
2560,ทั่วประเทศ,นอกเขตเทศบาล,60-64 ปี,หญิง,1137529,คน,สำนักงานสถิติแห่งชาติ
2560,กรุงเทพมหานคร,ในเขตเทศบาล,60-64 ปี,หญิง,211593,คน,สำนักงานสถิติแห่งชาติ
2560,ภาคกลาง(ไม่รวมกรุงเทพมหานคร),รวม,60-64 ปี,หญิง,523265,คน,สำนักงานสถิติแห่งชาติ
2560,ภาคเหนือ,รวม,60-64 ปี,หญิง,433323,คน,สำนักงานสถิติแห่งชาติ
2560,ภาคตะวันออกเฉียงเหนือ,รวม,60-64 ปี,หญิง,593579,คน,สำนักงานสถิติแห่งชาติ
2560,ภาคใต้,รวม,60-64 ปี,หญิง,221818,คน,สำนักงานสถิติแห่งชาติ
2560,ทั่วประเทศ,รวม,65-69 ปี,หญิง,1475623,คน,สำนักงานสถิติแห่งชาติ
2560,ทั่วประเทศ,ในเขตเทศบาล,65-69 ปี,หญิง,617365,คน,สำนักงานสถิติแห่งชาติ
2560,ทั่วประเทศ,นอกเขตเทศบาล,65-69 ปี,หญิง,858258,คน,สำนักงานสถิติแห่งชาติ
2560,กรุงเทพมหานคร,ในเขตเทศบาล,65-69 ปี,หญิง,150242,คน,สำนักงานสถิติแห่งชาติ
2560,ภาคกลาง(ไม่รวมกรุงเทพมหานคร),รวม,65-69 ปี,หญิง,384068,คน,สำนักงานสถิติแห่งชาติ
2560,ภาคเหนือ,รวม,65-69 ปี,หญิง,303616,คน,สำนักงานสถิติแห่งชาติ
2560,ภาคตะวันออกเฉียงเหนือ,รวม,65-69 ปี,หญิง,469904,คน,สำนักงานสถิติแห่งชาติ
2560,ภาคใต้,รวม,65-69 ปี,หญิง,167793,คน,สำนักงานสถิติแห่งชาติ
2560,ทั่วประเทศ,รวม,70-74 ปี,หญิง,1059119,คน,สำนักงานสถิติแห่งชาติ
2560,ทั่วประเทศ,ในเขตเทศบาล,70-74 ปี,หญิง,432704,คน,สำนักงานสถิติแห่งชาติ
2560,ทั่วประเทศ,นอกเขตเทศบาล,70-74 ปี,หญิง,626415,คน,สำนักงานสถิติแห่งชาติ
2560,กรุงเทพมหานคร,ในเขตเทศบาล,70-74 ปี,หญิง,98337,คน,สำนักงานสถิติแห่งชาติ
2560,ภาคกลาง(ไม่รวมกรุงเทพมหานคร),รวม,70-74 ปี,หญิง,271686,คน,สำนักงานสถิติแห่งชาติ
2560,ภาคเหนือ,รวม,70-74 ปี,หญิง,204194,คน,สำนักงานสถิติแห่งชาติ
2560,ภาคตะวันออกเฉียงเหนือ,รวม,70-74 ปี,หญิง,360108,คน,สำนักงานสถิติแห่งชาติ
2560,ภาคใต้,รวม,70-74 ปี,หญิง,124794,คน,สำนักงานสถิติแห่งชาติ
2560,ทั่วประเทศ,รวม,75-79 ปี,หญิง,769991,คน,สำนักงานสถิติแห่งชาติ
2560,ทั่วประเทศ,ในเขตเทศบาล,75-79 ปี,หญิง,316168,คน,สำนักงานสถิติแห่งชาติ
2560,ทั่วประเทศ,นอกเขตเทศบาล,75-79 ปี,หญิง,453823,คน,สำนักงานสถิติแห่งชาติ
2560,กรุงเทพมหานคร,ในเขตเทศบาล,75-79 ปี,หญิง,71273,คน,สำนักงานสถิติแห่งชาติ
2560,ภาคกลาง(ไม่รวมกรุงเทพมหานคร),รวม,75-79 ปี,หญิง,204569,คน,สำนักงานสถิติแห่งชาติ
2560,ภาคเหนือ,รวม,75-79 ปี,หญิง,155567,คน,สำนักงานสถิติแห่งชาติ
2560,ภาคตะวันออกเฉียงเหนือ,รวม,75-79 ปี,หญิง,243926,คน,สำนักงานสถิติแห่งชาติ
2560,ภาคใต้,รวม,75-79 ปี,หญิง,94656,คน,สำนักงานสถิติแห่งชาติ
2560,ทั่วประเทศ,รวม,80 ปีขึ้นไป,หญิง,940455,คน,สำนักงานสถิติแห่งชาติ
2560,ทั่วประเทศ,ในเขตเทศบาล,80 ปีขึ้นไป,หญิง,381564,คน,สำนักงานสถิติแห่งชาติ
2560,ทั่วประเทศ,นอกเขตเทศบาล,80 ปีขึ้นไป,หญิง,558891,คน,สำนักงานสถิติแห่งชาติ
2560,กรุงเทพมหานคร,ในเขตเทศบาล,80 ปีขึ้นไป,หญิง,81747,คน,สำนักงานสถิติแห่งชาติ
2560,ภาคกลาง(ไม่รวมกรุงเทพมหานคร),รวม,80 ปีขึ้นไป,หญิง,249446,คน,สำนักงานสถิติแห่งชาติ
2560,ภาคเหนือ,รวม,80 ปีขึ้นไป,หญิง,201975,คน,สำนักงานสถิติแห่งชาติ
2560,ภาคตะวันออกเฉียงเหนือ,รวม,80 ปีขึ้นไป,หญิง,277047,คน,สำนักงานสถิติแห่งชาติ
2560,ภาคใต้,รวม,80 ปีขึ้นไป,หญิง,130240,คน,สำนักงานสถิติแห่งชาติ
2564,ทั่วประเทศ,รวม,60 - 64 ปี,รวม,4240214,คน,สำนักงานสติแห่งชาติ
2564,ทั่วประเทศ,รวม,60 - 64 ปี,ชาย,1983875,คน,สำนักงานสติแห่งชาติ
2564,ทั่วประเทศ,รวม,60 - 64 ปี,หญิง,2256339,คน,สำนักงานสติแห่งชาติ
2564,ทั่วประเทศ,รวม,65 -69 ปี,รวม,3404927,คน,สำนักงานสติแห่งชาติ
2564,ทั่วประเทศ,รวม,65 -69 ปี,ชาย,1569081,คน,สำนักงานสติแห่งชาติ
2564,ทั่วประเทศ,รวม,65 -69 ปี,หญิง,1835846,คน,สำนักงานสติแห่งชาติ
2564,ทั่วประเทศ,รวม,70 - 74 ปี,รวม,2367078,คน,สำนักงานสติแห่งชาติ
2564,ทั่วประเทศ,รวม,70 - 74 ปี,ชาย,1063157,คน,สำนักงานสติแห่งชาติ
2564,ทั่วประเทศ,รวม,70 - 74 ปี,หญิง,1303921,คน,สำนักงานสติแห่งชาติ
2564,ทั่วประเทศ,รวม,75 - 79 ปี,รวม,1575590,คน,สำนักงานสติแห่งชาติ
2564,ทั่วประเทศ,รวม,75 - 79 ปี,ชาย,677087,คน,สำนักงานสติแห่งชาติ
2564,ทั่วประเทศ,รวม,75 - 79 ปี,หญิง,898503,คน,สำนักงานสติแห่งชาติ
2564,ทั่วประเทศ,รวม,80 ปีขึ้นไป,รวม,1770942,คน,สำนักงานสติแห่งชาติ
2564,ทั่วประเทศ,รวม,80 ปีขึ้นไป,ชาย,680822,คน,สำนักงานสติแห่งชาติ
2564,ทั่วประเทศ,รวม,80 ปีขึ้นไป,หญิง,1090120,คน,สำนักงานสติแห่งชาติ
2564,ทั่วประเทศ,ในเขตเทศบาล,60 - 64 ปี,รวม,1826197,คน,สำนักงานสติแห่งชาติ
2564,ทั่วประเทศ,ในเขตเทศบาล,60 - 64 ปี,ชาย,846685,คน,สำนักงานสติแห่งชาติ
2564,ทั่วประเทศ,ในเขตเทศบาล,60 - 64 ปี,หญิง,979512,คน,สำนักงานสติแห่งชาติ
2564,ทั่วประเทศ,ในเขตเทศบาล,65 -69 ปี,รวม,1419153,คน,สำนักงานสติแห่งชาติ
2564,ทั่วประเทศ,ในเขตเทศบาล,65 -69 ปี,ชาย,644443,คน,สำนักงานสติแห่งชาติ
2564,ทั่วประเทศ,ในเขตเทศบาล,65 -69 ปี,หญิง,774710,คน,สำนักงานสติแห่งชาติ
2564,ทั่วประเทศ,ในเขตเทศบาล,70 - 74 ปี,รวม,969255,คน,สำนักงานสติแห่งชาติ
2564,ทั่วประเทศ,ในเขตเทศบาล,70 - 74 ปี,ชาย,427662,คน,สำนักงานสติแห่งชาติ
2564,ทั่วประเทศ,ในเขตเทศบาล,70 - 74 ปี,หญิง,541593,คน,สำนักงานสติแห่งชาติ
2564,ทั่วประเทศ,ในเขตเทศบาล,75 - 79 ปี,รวม,633413,คน,สำนักงานสติแห่งชาติ
2564,ทั่วประเทศ,ในเขตเทศบาล,75 - 79 ปี,ชาย,265764,คน,สำนักงานสติแห่งชาติ
2564,ทั่วประเทศ,ในเขตเทศบาล,75 - 79 ปี,หญิง,367649,คน,สำนักงานสติแห่งชาติ
2564,ทั่วประเทศ,ในเขตเทศบาล,80 ปีขึ้นไป,รวม,712329,คน,สำนักงานสติแห่งชาติ
2564,ทั่วประเทศ,ในเขตเทศบาล,80 ปีขึ้นไป,ชาย,269219,คน,สำนักงานสติแห่งชาติ
2564,ทั่วประเทศ,ในเขตเทศบาล,80 ปีขึ้นไป,หญิง,443110,คน,สำนักงานสติแห่งชาติ
2564,ทั่วประเทศ,นอกเขตเทศบาล,60 - 64 ปี,รวม,2414017,คน,สำนักงานสติแห่งชาติ
2564,ทั่วประเทศ,นอกเขตเทศบาล,60 - 64 ปี,ชาย,1137190,คน,สำนักงานสติแห่งชาติ
2564,ทั่วประเทศ,นอกเขตเทศบาล,60 - 64 ปี,หญิง,1276827,คน,สำนักงานสติแห่งชาติ
2564,ทั่วประเทศ,นอกเขตเทศบาล,65 -69 ปี,รวม,1985774,คน,สำนักงานสติแห่งชาติ
2564,ทั่วประเทศ,นอกเขตเทศบาล,65 -69 ปี,ชาย,924638,คน,สำนักงานสติแห่งชาติ
2564,ทั่วประเทศ,นอกเขตเทศบาล,65 -69 ปี,หญิง,1061136,คน,สำนักงานสติแห่งชาติ
2564,ทั่วประเทศ,นอกเขตเทศบาล,70 - 74 ปี,รวม,1397823,คน,สำนักงานสติแห่งชาติ
2564,ทั่วประเทศ,นอกเขตเทศบาล,70 - 74 ปี,ชาย,635495,คน,สำนักงานสติแห่งชาติ
2564,ทั่วประเทศ,นอกเขตเทศบาล,70 - 74 ปี,หญิง,762328,คน,สำนักงานสติแห่งชาติ
2564,ทั่วประเทศ,นอกเขตเทศบาล,75 - 79 ปี,รวม,942177,คน,สำนักงานสติแห่งชาติ
2564,ทั่วประเทศ,นอกเขตเทศบาล,75 - 79 ปี,ชาย,411323,คน,สำนักงานสติแห่งชาติ
2564,ทั่วประเทศ,นอกเขตเทศบาล,75 - 79 ปี,หญิง,530854,คน,สำนักงานสติแห่งชาติ
2564,ทั่วประเทศ,นอกเขตเทศบาล,80 ปีขึ้นไป,รวม,1058613,คน,สำนักงานสติแห่งชาติ
2564,ทั่วประเทศ,นอกเขตเทศบาล,80 ปีขึ้นไป,ชาย,411603,คน,สำนักงานสติแห่งชาติ
2564,ทั่วประเทศ,นอกเขตเทศบาล,80 ปีขึ้นไป,หญิง,647010,คน,สำนักงานสติแห่งชาติ
2564,กรุงเทพมหานคร,รวม,60 - 64 ปี,รวม,481911,คน,สำนักงานสติแห่งชาติ
2564,กรุงเทพมหานคร,รวม,60 - 64 ปี,ชาย,224918,คน,สำนักงานสติแห่งชาติ
2564,กรุงเทพมหานคร,รวม,60 - 64 ปี,หญิง,256993,คน,สำนักงานสติแห่งชาติ
2564,กรุงเทพมหานคร,รวม,65 -69 ปี,รวม,344098,คน,สำนักงานสติแห่งชาติ
2564,กรุงเทพมหานคร,รวม,65 -69 ปี,ชาย,153839,คน,สำนักงานสติแห่งชาติ
2564,กรุงเทพมหานคร,รวม,65 -69 ปี,หญิง,190259,คน,สำนักงานสติแห่งชาติ
2564,กรุงเทพมหานคร,รวม,70 - 74 ปี,รวม,229246,คน,สำนักงานสติแห่งชาติ
2564,กรุงเทพมหานคร,รวม,70 - 74 ปี,ชาย,99580,คน,สำนักงานสติแห่งชาติ
2564,กรุงเทพมหานคร,รวม,70 - 74 ปี,หญิง,129666,คน,สำนักงานสติแห่งชาติ
2564,กรุงเทพมหานคร,รวม,75 - 79 ปี,รวม,136016,คน,สำนักงานสติแห่งชาติ
2564,กรุงเทพมหานคร,รวม,75 - 79 ปี,ชาย,54517,คน,สำนักงานสติแห่งชาติ
2564,กรุงเทพมหานคร,รวม,75 - 79 ปี,หญิง,81499,คน,สำนักงานสติแห่งชาติ
2564,กรุงเทพมหานคร,รวม,80 ปีขึ้นไป,รวม,151555,คน,สำนักงานสติแห่งชาติ
2564,กรุงเทพมหานคร,รวม,80 ปีขึ้นไป,ชาย,56321,คน,สำนักงานสติแห่งชาติ
2564,กรุงเทพมหานคร,รวม,80 ปีขึ้นไป,หญิง,95234,คน,สำนักงานสติแห่งชาติ
2564,กรุงเทพมหานคร,ในเขตเทศบาล,60 - 64 ปี,รวม,481911,คน,สำนักงานสติแห่งชาติ
2564,กรุงเทพมหานคร,ในเขตเทศบาล,60 - 64 ปี,ชาย,224918,คน,สำนักงานสติแห่งชาติ
2564,กรุงเทพมหานคร,ในเขตเทศบาล,60 - 64 ปี,หญิง,256993,คน,สำนักงานสติแห่งชาติ
2564,กรุงเทพมหานคร,ในเขตเทศบาล,65 -69 ปี,รวม,344098,คน,สำนักงานสติแห่งชาติ
2564,กรุงเทพมหานคร,ในเขตเทศบาล,65 -69 ปี,ชาย,153839,คน,สำนักงานสติแห่งชาติ
2564,กรุงเทพมหานคร,ในเขตเทศบาล,65 -69 ปี,หญิง,190259,คน,สำนักงานสติแห่งชาติ
2564,กรุงเทพมหานคร,ในเขตเทศบาล,70 - 74 ปี,รวม,229246,คน,สำนักงานสติแห่งชาติ
2564,กรุงเทพมหานคร,ในเขตเทศบาล,70 - 74 ปี,ชาย,99580,คน,สำนักงานสติแห่งชาติ
2564,กรุงเทพมหานคร,ในเขตเทศบาล,70 - 74 ปี,หญิง,129666,คน,สำนักงานสติแห่งชาติ
2564,กรุงเทพมหานคร,ในเขตเทศบาล,75 - 79 ปี,รวม,136016,คน,สำนักงานสติแห่งชาติ
2564,กรุงเทพมหานคร,ในเขตเทศบาล,75 - 79 ปี,ชาย,54517,คน,สำนักงานสติแห่งชาติ
2564,กรุงเทพมหานคร,ในเขตเทศบาล,75 - 79 ปี,หญิง,81499,คน,สำนักงานสติแห่งชาติ
2564,กรุงเทพมหานคร,ในเขตเทศบาล,80 ปีขึ้นไป,รวม,151555,คน,สำนักงานสติแห่งชาติ
2564,กรุงเทพมหานคร,ในเขตเทศบาล,80 ปีขึ้นไป,ชาย,56321,คน,สำนักงานสติแห่งชาติ
2564,กรุงเทพมหานคร,ในเขตเทศบาล,80 ปีขึ้นไป,หญิง,95234,คน,สำนักงานสติแห่งชาติ
2564,ภาคกลาง,รวม,60 - 64 ปี,รวม,1158022,คน,สำนักงานสติแห่งชาติ
2564,ภาคกลาง,รวม,60 - 64 ปี,ชาย,536921,คน,สำนักงานสติแห่งชาติ
2564,ภาคกลาง,รวม,60 - 64 ปี,หญิง,621101,คน,สำนักงานสติแห่งชาติ
2564,ภาคกลาง,รวม,65 -69 ปี,รวม,887796,คน,สำนักงานสติแห่งชาติ
2564,ภาคกลาง,รวม,65 -69 ปี,ชาย,398868,คน,สำนักงานสติแห่งชาติ
2564,ภาคกลาง,รวม,65 -69 ปี,หญิง,488928,คน,สำนักงานสติแห่งชาติ
2564,ภาคกลาง,รวม,70 - 74 ปี,รวม,603803,คน,สำนักงานสติแห่งชาติ
2564,ภาคกลาง,รวม,70 - 74 ปี,ชาย,262356,คน,สำนักงานสติแห่งชาติ
2564,ภาคกลาง,รวม,70 - 74 ปี,หญิง,341447,คน,สำนักงานสติแห่งชาติ
2564,ภาคกลาง,รวม,75 - 79 ปี,รวม,401793,คน,สำนักงานสติแห่งชาติ
2564,ภาคกลาง,รวม,75 - 79 ปี,ชาย,166992,คน,สำนักงานสติแห่งชาติ
2564,ภาคกลาง,รวม,75 - 79 ปี,หญิง,234801,คน,สำนักงานสติแห่งชาติ
2564,ภาคกลาง,รวม,80 ปีขึ้นไป,รวม,466814,คน,สำนักงานสติแห่งชาติ
2564,ภาคกลาง,รวม,80 ปีขึ้นไป,ชาย,175156,คน,สำนักงานสติแห่งชาติ
2564,ภาคกลาง,รวม,80 ปีขึ้นไป,หญิง,291658,คน,สำนักงานสติแห่งชาติ
2564,ภาคกลาง,ในเขตเทศบาล,60 - 64 ปี,รวม,517761,คน,สำนักงานสติแห่งชาติ
2564,ภาคกลาง,ในเขตเทศบาล,60 - 64 ปี,ชาย,239048,คน,สำนักงานสติแห่งชาติ
2564,ภาคกลาง,ในเขตเทศบาล,60 - 64 ปี,หญิง,278713,คน,สำนักงานสติแห่งชาติ
2564,ภาคกลาง,ในเขตเทศบาล,65 -69 ปี,รวม,392163,คน,สำนักงานสติแห่งชาติ
2564,ภาคกลาง,ในเขตเทศบาล,65 -69 ปี,ชาย,175379,คน,สำนักงานสติแห่งชาติ
2564,ภาคกลาง,ในเขตเทศบาล,65 -69 ปี,หญิง,216784,คน,สำนักงานสติแห่งชาติ
2564,ภาคกลาง,ในเขตเทศบาล,70 - 74 ปี,รวม,262376,คน,สำนักงานสติแห่งชาติ
2564,ภาคกลาง,ในเขตเทศบาล,70 - 74 ปี,ชาย,112963,คน,สำนักงานสติแห่งชาติ
2564,ภาคกลาง,ในเขตเทศบาล,70 - 74 ปี,หญิง,149413,คน,สำนักงานสติแห่งชาติ
2564,ภาคกลาง,ในเขตเทศบาล,75 - 79 ปี,รวม,172544,คน,สำนักงานสติแห่งชาติ
2564,ภาคกลาง,ในเขตเทศบาล,75 - 79 ปี,ชาย,70651,คน,สำนักงานสติแห่งชาติ
2564,ภาคกลาง,ในเขตเทศบาล,75 - 79 ปี,หญิง,101893,คน,สำนักงานสติแห่งชาติ
2564,ภาคกลาง,ในเขตเทศบาล,80 ปีขึ้นไป,รวม,197551,คน,สำนักงานสติแห่งชาติ
2564,ภาคกลาง,ในเขตเทศบาล,80 ปีขึ้นไป,ชาย,73149,คน,สำนักงานสติแห่งชาติ
2564,ภาคกลาง,ในเขตเทศบาล,80 ปีขึ้นไป,หญิง,124402,คน,สำนักงานสติแห่งชาติ
2564,ภาคกลาง,นอกเขตเทศบาล,60 - 64 ปี,รวม,640261,คน,สำนักงานสติแห่งชาติ
2564,ภาคกลาง,นอกเขตเทศบาล,60 - 64 ปี,ชาย,297873,คน,สำนักงานสติแห่งชาติ
2564,ภาคกลาง,นอกเขตเทศบาล,60 - 64 ปี,หญิง,342388,คน,สำนักงานสติแห่งชาติ
2564,ภาคกลาง,นอกเขตเทศบาล,65 -69 ปี,รวม,495633,คน,สำนักงานสติแห่งชาติ
2564,ภาคกลาง,นอกเขตเทศบาล,65 -69 ปี,ชาย,223489,คน,สำนักงานสติแห่งชาติ
2564,ภาคกลาง,นอกเขตเทศบาล,65 -69 ปี,หญิง,272144,คน,สำนักงานสติแห่งชาติ
2564,ภาคกลาง,นอกเขตเทศบาล,70 - 74 ปี,รวม,341427,คน,สำนักงานสติแห่งชาติ
2564,ภาคกลาง,นอกเขตเทศบาล,70 - 74 ปี,ชาย,149393,คน,สำนักงานสติแห่งชาติ
2564,ภาคกลาง,นอกเขตเทศบาล,70 - 74 ปี,หญิง,192034,คน,สำนักงานสติแห่งชาติ
2564,ภาคกลาง,นอกเขตเทศบาล,75 - 79 ปี,รวม,229249,คน,สำนักงานสติแห่งชาติ
2564,ภาคกลาง,นอกเขตเทศบาล,75 - 79 ปี,ชาย,96341,คน,สำนักงานสติแห่งชาติ
2564,ภาคกลาง,นอกเขตเทศบาล,75 - 79 ปี,หญิง,132908,คน,สำนักงานสติแห่งชาติ
2564,ภาคกลาง,นอกเขตเทศบาล,80 ปีขึ้นไป,รวม,269263,คน,สำนักงานสติแห่งชาติ
2564,ภาคกลาง,นอกเขตเทศบาล,80 ปีขึ้นไป,ชาย,102007,คน,สำนักงานสติแห่งชาติ
2564,ภาคกลาง,นอกเขตเทศบาล,80 ปีขึ้นไป,หญิง,167256,คน,สำนักงานสติแห่งชาติ
2564,ภาคเหนือ,รวม,60 - 64 ปี,รวม,885119,คน,สำนักงานสติแห่งชาติ
2564,ภาคเหนือ,รวม,60 - 64 ปี,ชาย,412886,คน,สำนักงานสติแห่งชาติ
2564,ภาคเหนือ,รวม,60 - 64 ปี,หญิง,472233,คน,สำนักงานสติแห่งชาติ
2564,ภาคเหนือ,รวม,65 -69 ปี,รวม,747624,คน,สำนักงานสติแห่งชาติ
2564,ภาคเหนือ,รวม,65 -69 ปี,ชาย,349713,คน,สำนักงานสติแห่งชาติ
2564,ภาคเหนือ,รวม,65 -69 ปี,หญิง,397911,คน,สำนักงานสติแห่งชาติ
2564,ภาคเหนือ,รวม,70 - 74 ปี,รวม,489438,คน,สำนักงานสติแห่งชาติ
2564,ภาคเหนือ,รวม,70 - 74 ปี,ชาย,225709,คน,สำนักงานสติแห่งชาติ
2564,ภาคเหนือ,รวม,70 - 74 ปี,หญิง,263729,คน,สำนักงานสติแห่งชาติ
2564,ภาคเหนือ,รวม,75 - 79 ปี,รวม,311250,คน,สำนักงานสติแห่งชาติ
2564,ภาคเหนือ,รวม,75 - 79 ปี,ชาย,138739,คน,สำนักงานสติแห่งชาติ
2564,ภาคเหนือ,รวม,75 - 79 ปี,หญิง,172511,คน,สำนักงานสติแห่งชาติ
2564,ภาคเหนือ,รวม,80 ปีขึ้นไป,รวม,377187,คน,สำนักงานสติแห่งชาติ
2564,ภาคเหนือ,รวม,80 ปีขึ้นไป,ชาย,151733,คน,สำนักงานสติแห่งชาติ
2564,ภาคเหนือ,รวม,80 ปีขึ้นไป,หญิง,225454,คน,สำนักงานสติแห่งชาติ
2564,ภาคเหนือ,ในเขตเทศบาล,60 - 64 ปี,รวม,305371,คน,สำนักงานสติแห่งชาติ
2564,ภาคเหนือ,ในเขตเทศบาล,60 - 64 ปี,ชาย,140039,คน,สำนักงานสติแห่งชาติ
2564,ภาคเหนือ,ในเขตเทศบาล,60 - 64 ปี,หญิง,165332,คน,สำนักงานสติแห่งชาติ
2564,ภาคเหนือ,ในเขตเทศบาล,65 -69 ปี,รวม,253500,คน,สำนักงานสติแห่งชาติ
2564,ภาคเหนือ,ในเขตเทศบาล,65 -69 ปี,ชาย,116847,คน,สำนักงานสติแห่งชาติ
2564,ภาคเหนือ,ในเขตเทศบาล,65 -69 ปี,หญิง,136653,คน,สำนักงานสติแห่งชาติ
2564,ภาคเหนือ,ในเขตเทศบาล,70 - 74 ปี,รวม,166823,คน,สำนักงานสติแห่งชาติ
2564,ภาคเหนือ,ในเขตเทศบาล,70 - 74 ปี,ชาย,75608,คน,สำนักงานสติแห่งชาติ
2564,ภาคเหนือ,ในเขตเทศบาล,70 - 74 ปี,หญิง,91215,คน,สำนักงานสติแห่งชาติ
2564,ภาคเหนือ,ในเขตเทศบาล,75 - 79 ปี,รวม,109858,คน,สำนักงานสติแห่งชาติ
2564,ภาคเหนือ,ในเขตเทศบาล,75 - 79 ปี,ชาย,48340,คน,สำนักงานสติแห่งชาติ
2564,ภาคเหนือ,ในเขตเทศบาล,75 - 79 ปี,หญิง,61518,คน,สำนักงานสติแห่งชาติ
2564,ภาคเหนือ,ในเขตเทศบาล,80 ปีขึ้นไป,รวม,132610,คน,สำนักงานสติแห่งชาติ
2564,ภาคเหนือ,ในเขตเทศบาล,80 ปีขึ้นไป,ชาย,52904,คน,สำนักงานสติแห่งชาติ
2564,ภาคเหนือ,ในเขตเทศบาล,80 ปีขึ้นไป,หญิง,79706,คน,สำนักงานสติแห่งชาติ
2564,ภาคเหนือ,นอกเขตเทศบาล,60 - 64 ปี,รวม,579748,คน,สำนักงานสติแห่งชาติ
2564,ภาคเหนือ,นอกเขตเทศบาล,60 - 64 ปี,ชาย,272847,คน,สำนักงานสติแห่งชาติ
2564,ภาคเหนือ,นอกเขตเทศบาล,60 - 64 ปี,หญิง,306901,คน,สำนักงานสติแห่งชาติ
2564,ภาคเหนือ,นอกเขตเทศบาล,65 -69 ปี,รวม,494124,คน,สำนักงานสติแห่งชาติ
2564,ภาคเหนือ,นอกเขตเทศบาล,65 -69 ปี,ชาย,232866,คน,สำนักงานสติแห่งชาติ
2564,ภาคเหนือ,นอกเขตเทศบาล,65 -69 ปี,หญิง,261258,คน,สำนักงานสติแห่งชาติ
2564,ภาคเหนือ,นอกเขตเทศบาล,70 - 74 ปี,รวม,322615,คน,สำนักงานสติแห่งชาติ
2564,ภาคเหนือ,นอกเขตเทศบาล,70 - 74 ปี,ชาย,150101,คน,สำนักงานสติแห่งชาติ
2564,ภาคเหนือ,นอกเขตเทศบาล,70 - 74 ปี,หญิง,172514,คน,สำนักงานสติแห่งชาติ
2564,ภาคเหนือ,นอกเขตเทศบาล,75 - 79 ปี,รวม,201392,คน,สำนักงานสติแห่งชาติ
2564,ภาคเหนือ,นอกเขตเทศบาล,75 - 79 ปี,ชาย,90399,คน,สำนักงานสติแห่งชาติ
2564,ภาคเหนือ,นอกเขตเทศบาล,75 - 79 ปี,หญิง,110993,คน,สำนักงานสติแห่งชาติ
2564,ภาคเหนือ,นอกเขตเทศบาล,80 ปีขึ้นไป,รวม,244577,คน,สำนักงานสติแห่งชาติ
2564,ภาคเหนือ,นอกเขตเทศบาล,80 ปีขึ้นไป,ชาย,98829,คน,สำนักงานสติแห่งชาติ
2564,ภาคเหนือ,นอกเขตเทศบาล,80 ปีขึ้นไป,หญิง,145748,คน,สำนักงานสติแห่งชาติ
2564,ภาคตะวันออกเฉียงเหนือ,รวม,60 - 64 ปี,รวม,1227130,คน,สำนักงานสติแห่งชาติ
2564,ภาคตะวันออกเฉียงเหนือ,รวม,60 - 64 ปี,ชาย,579042,คน,สำนักงานสติแห่งชาติ
2564,ภาคตะวันออกเฉียงเหนือ,รวม,60 - 64 ปี,หญิง,648088,คน,สำนักงานสติแห่งชาติ
2564,ภาคตะวันออกเฉียงเหนือ,รวม,65 -69 ปี,รวม,1040328,คน,สำนักงานสติแห่งชาติ
2564,ภาคตะวันออกเฉียงเหนือ,รวม,65 -69 ปี,ชาย,489178,คน,สำนักงานสติแห่งชาติ
2564,ภาคตะวันออกเฉียงเหนือ,รวม,65 -69 ปี,หญิง,551150,คน,สำนักงานสติแห่งชาติ
2564,ภาคตะวันออกเฉียงเหนือ,รวม,70 - 74 ปี,รวม,772752,คน,สำนักงานสติแห่งชาติ
2564,ภาคตะวันออกเฉียงเหนือ,รวม,70 - 74 ปี,ชาย,354027,คน,สำนักงานสติแห่งชาติ
2564,ภาคตะวันออกเฉียงเหนือ,รวม,70 - 74 ปี,หญิง,418725,คน,สำนักงานสติแห่งชาติ
2564,ภาคตะวันออกเฉียงเหนือ,รวม,75 - 79 ปี,รวม,538650,คน,สำนักงานสติแห่งชาติ
2564,ภาคตะวันออกเฉียงเหนือ,รวม,75 - 79 ปี,ชาย,236934,คน,สำนักงานสติแห่งชาติ
2564,ภาคตะวันออกเฉียงเหนือ,รวม,75 - 79 ปี,หญิง,301716,คน,สำนักงานสติแห่งชาติ
2564,ภาคตะวันออกเฉียงเหนือ,รวม,80 ปีขึ้นไป,รวม,541719,คน,สำนักงานสติแห่งชาติ
2564,ภาคตะวันออกเฉียงเหนือ,รวม,80 ปีขึ้นไป,ชาย,210498,คน,สำนักงานสติแห่งชาติ
2564,ภาคตะวันออกเฉียงเหนือ,รวม,80 ปีขึ้นไป,หญิง,331221,คน,สำนักงานสติแห่งชาติ
2564,ภาคตะวันออกเฉียงเหนือ,ในเขตเทศบาล,60 - 64 ปี,รวม,358970,คน,สำนักงานสติแห่งชาติ
2564,ภาคตะวันออกเฉียงเหนือ,ในเขตเทศบาล,60 - 64 ปี,ชาย,167797,คน,สำนักงานสติแห่งชาติ
2564,ภาคตะวันออกเฉียงเหนือ,ในเขตเทศบาล,60 - 64 ปี,หญิง,191173,คน,สำนักงานสติแห่งชาติ
2564,ภาคตะวันออกเฉียงเหนือ,ในเขตเทศบาล,65 -69 ปี,รวม,303094,คน,สำนักงานสติแห่งชาติ
2564,ภาคตะวันออกเฉียงเหนือ,ในเขตเทศบาล,65 -69 ปี,ชาย,141141,คน,สำนักงานสติแห่งชาติ
2564,ภาคตะวันออกเฉียงเหนือ,ในเขตเทศบาล,65 -69 ปี,หญิง,161953,คน,สำนักงานสติแห่งชาติ
2564,ภาคตะวันออกเฉียงเหนือ,ในเขตเทศบาล,70 - 74 ปี,รวม,222678,คน,สำนักงานสติแห่งชาติ
2564,ภาคตะวันออกเฉียงเหนือ,ในเขตเทศบาล,70 - 74 ปี,ชาย,100915,คน,สำนักงานสติแห่งชาติ
2564,ภาคตะวันออกเฉียงเหนือ,ในเขตเทศบาล,70 - 74 ปี,หญิง,121763,คน,สำนักงานสติแห่งชาติ
2564,ภาคตะวันออกเฉียงเหนือ,ในเขตเทศบาล,75 - 79 ปี,รวม,154357,คน,สำนักงานสติแห่งชาติ
2564,ภาคตะวันออกเฉียงเหนือ,ในเขตเทศบาล,75 - 79 ปี,ชาย,67073,คน,สำนักงานสติแห่งชาติ
2564,ภาคตะวันออกเฉียงเหนือ,ในเขตเทศบาล,75 - 79 ปี,หญิง,87284,คน,สำนักงานสติแห่งชาติ
2564,ภาคตะวันออกเฉียงเหนือ,ในเขตเทศบาล,80 ปีขึ้นไป,รวม,154347,คน,สำนักงานสติแห่งชาติ
2564,ภาคตะวันออกเฉียงเหนือ,ในเขตเทศบาล,80 ปีขึ้นไป,ชาย,59352,คน,สำนักงานสติแห่งชาติ
2564,ภาคตะวันออกเฉียงเหนือ,ในเขตเทศบาล,80 ปีขึ้นไป,หญิง,94995,คน,สำนักงานสติแห่งชาติ
2564,ภาคตะวันออกเฉียงเหนือ,นอกเขตเทศบาล,60 - 64 ปี,รวม,868160,คน,สำนักงานสติแห่งชาติ
2564,ภาคตะวันออกเฉียงเหนือ,นอกเขตเทศบาล,60 - 64 ปี,ชาย,411245,คน,สำนักงานสติแห่งชาติ
2564,ภาคตะวันออกเฉียงเหนือ,นอกเขตเทศบาล,60 - 64 ปี,หญิง,456915,คน,สำนักงานสติแห่งชาติ
2564,ภาคตะวันออกเฉียงเหนือ,นอกเขตเทศบาล,65 -69 ปี,รวม,737234,คน,สำนักงานสติแห่งชาติ
2564,ภาคตะวันออกเฉียงเหนือ,นอกเขตเทศบาล,65 -69 ปี,ชาย,348037,คน,สำนักงานสติแห่งชาติ
2564,ภาคตะวันออกเฉียงเหนือ,นอกเขตเทศบาล,65 -69 ปี,หญิง,389197,คน,สำนักงานสติแห่งชาติ
2564,ภาคตะวันออกเฉียงเหนือ,นอกเขตเทศบาล,70 - 74 ปี,รวม,550074,คน,สำนักงานสติแห่งชาติ
2564,ภาคตะวันออกเฉียงเหนือ,นอกเขตเทศบาล,70 - 74 ปี,ชาย,253112,คน,สำนักงานสติแห่งชาติ
2564,ภาคตะวันออกเฉียงเหนือ,นอกเขตเทศบาล,70 - 74 ปี,หญิง,296962,คน,สำนักงานสติแห่งชาติ
2564,ภาคตะวันออกเฉียงเหนือ,นอกเขตเทศบาล,75 - 79 ปี,รวม,384293,คน,สำนักงานสติแห่งชาติ
2564,ภาคตะวันออกเฉียงเหนือ,นอกเขตเทศบาล,75 - 79 ปี,ชาย,169861,คน,สำนักงานสติแห่งชาติ
2564,ภาคตะวันออกเฉียงเหนือ,นอกเขตเทศบาล,75 - 79 ปี,หญิง,214432,คน,สำนักงานสติแห่งชาติ
2564,ภาคตะวันออกเฉียงเหนือ,นอกเขตเทศบาล,80 ปีขึ้นไป,รวม,387372,คน,สำนักงานสติแห่งชาติ
2564,ภาคตะวันออกเฉียงเหนือ,นอกเขตเทศบาล,80 ปีขึ้นไป,ชาย,151146,คน,สำนักงานสติแห่งชาติ
2564,ภาคตะวันออกเฉียงเหนือ,นอกเขตเทศบาล,80 ปีขึ้นไป,หญิง,236226,คน,สำนักงานสติแห่งชาติ
2564,ภาคใต้,รวม,60 - 64 ปี,รวม,488032,คน,สำนักงานสติแห่งชาติ
2564,ภาคใต้,รวม,60 - 64 ปี,ชาย,230108,คน,สำนักงานสติแห่งชาติ
2564,ภาคใต้,รวม,60 - 64 ปี,หญิง,257924,คน,สำนักงานสติแห่งชาติ
2564,ภาคใต้,รวม,65 -69 ปี,รวม,385081,คน,สำนักงานสติแห่งชาติ
2564,ภาคใต้,รวม,65 -69 ปี,ชาย,177483,คน,สำนักงานสติแห่งชาติ
2564,ภาคใต้,รวม,65 -69 ปี,หญิง,207598,คน,สำนักงานสติแห่งชาติ
2564,ภาคใต้,รวม,70 - 74 ปี,รวม,271839,คน,สำนักงานสติแห่งชาติ
2564,ภาคใต้,รวม,70 - 74 ปี,ชาย,121485,คน,สำนักงานสติแห่งชาติ
2564,ภาคใต้,รวม,70 - 74 ปี,หญิง,150354,คน,สำนักงานสติแห่งชาติ
2564,ภาคใต้,รวม,75 - 79 ปี,รวม,187881,คน,สำนักงานสติแห่งชาติ
2564,ภาคใต้,รวม,75 - 79 ปี,ชาย,79905,คน,สำนักงานสติแห่งชาติ
2564,ภาคใต้,รวม,75 - 79 ปี,หญิง,107976,คน,สำนักงานสติแห่งชาติ
2564,ภาคใต้,รวม,80 ปีขึ้นไป,รวม,233667,คน,สำนักงานสติแห่งชาติ
2564,ภาคใต้,รวม,80 ปีขึ้นไป,ชาย,87114,คน,สำนักงานสติแห่งชาติ
2564,ภาคใต้,รวม,80 ปีขึ้นไป,หญิง,146553,คน,สำนักงานสติแห่งชาติ
2564,ภาคใต้,ในเขตเทศบาล,60 - 64 ปี,รวม,162184,คน,สำนักงานสติแห่งชาติ
2564,ภาคใต้,ในเขตเทศบาล,60 - 64 ปี,ชาย,74883,คน,สำนักงานสติแห่งชาติ
2564,ภาคใต้,ในเขตเทศบาล,60 - 64 ปี,หญิง,87301,คน,สำนักงานสติแห่งชาติ
2564,ภาคใต้,ในเขตเทศบาล,65 -69 ปี,รวม,126298,คน,สำนักงานสติแห่งชาติ
2564,ภาคใต้,ในเขตเทศบาล,65 -69 ปี,ชาย,57237,คน,สำนักงานสติแห่งชาติ
2564,ภาคใต้,ในเขตเทศบาล,65 -69 ปี,หญิง,69061,คน,สำนักงานสติแห่งชาติ
2564,ภาคใต้,ในเขตเทศบาล,70 - 74 ปี,รวม,88132,คน,สำนักงานสติแห่งชาติ
2564,ภาคใต้,ในเขตเทศบาล,70 - 74 ปี,ชาย,38596,คน,สำนักงานสติแห่งชาติ
2564,ภาคใต้,ในเขตเทศบาล,70 - 74 ปี,หญิง,49536,คน,สำนักงานสติแห่งชาติ
2564,ภาคใต้,ในเขตเทศบาล,75 - 79 ปี,รวม,60638,คน,สำนักงานสติแห่งชาติ
2564,ภาคใต้,ในเขตเทศบาล,75 - 79 ปี,ชาย,25183,คน,สำนักงานสติแห่งชาติ
2564,ภาคใต้,ในเขตเทศบาล,75 - 79 ปี,หญิง,35455,คน,สำนักงานสติแห่งชาติ
2564,ภาคใต้,ในเขตเทศบาล,80 ปีขึ้นไป,รวม,76266,คน,สำนักงานสติแห่งชาติ
2564,ภาคใต้,ในเขตเทศบาล,80 ปีขึ้นไป,ชาย,27493,คน,สำนักงานสติแห่งชาติ
2564,ภาคใต้,ในเขตเทศบาล,80 ปีขึ้นไป,หญิง,48773,คน,สำนักงานสติแห่งชาติ
2564,ภาคใต้,นอกเขตเทศบาล,60 - 64 ปี,รวม,325848,คน,สำนักงานสติแห่งชาติ
2564,ภาคใต้,นอกเขตเทศบาล,60 - 64 ปี,ชาย,155225,คน,สำนักงานสติแห่งชาติ
2564,ภาคใต้,นอกเขตเทศบาล,60 - 64 ปี,หญิง,170623,คน,สำนักงานสติแห่งชาติ
2564,ภาคใต้,นอกเขตเทศบาล,65 -69 ปี,รวม,258783,คน,สำนักงานสติแห่งชาติ
2564,ภาคใต้,นอกเขตเทศบาล,65 -69 ปี,ชาย,120246,คน,สำนักงานสติแห่งชาติ
2564,ภาคใต้,นอกเขตเทศบาล,65 -69 ปี,หญิง,138537,คน,สำนักงานสติแห่งชาติ
2564,ภาคใต้,นอกเขตเทศบาล,70 - 74 ปี,รวม,183707,คน,สำนักงานสติแห่งชาติ
2564,ภาคใต้,นอกเขตเทศบาล,70 - 74 ปี,ชาย,82889,คน,สำนักงานสติแห่งชาติ
2564,ภาคใต้,นอกเขตเทศบาล,70 - 74 ปี,หญิง,100818,คน,สำนักงานสติแห่งชาติ
2564,ภาคใต้,นอกเขตเทศบาล,75 - 79 ปี,รวม,127243,คน,สำนักงานสติแห่งชาติ
2564,ภาคใต้,นอกเขตเทศบาล,75 - 79 ปี,ชาย,54722,คน,สำนักงานสติแห่งชาติ
2564,ภาคใต้,นอกเขตเทศบาล,75 - 79 ปี,หญิง,72521,คน,สำนักงานสติแห่งชาติ
2564,ภาคใต้,นอกเขตเทศบาล,80 ปีขึ้นไป,รวม,157401,คน,สำนักงานสติแห่งชาติ
2564,ภาคใต้,นอกเขตเทศบาล,80 ปีขึ้นไป,ชาย,59621,คน,สำนักงานสติแห่งชาติ
2564,ภาคใต้,นอกเขตเทศบาล,80 ปีขึ้นไป,หญิง,97780,คน,สำนักงานสติแห่งชาติ
